2026-07-03T00:23:42.554+07:00  INFO 42844 --- [restartedMain] c.s.backend_api.BackendApiApplication    : Starting BackendApiApplication using Java 21.0.7 with PID 42844 (C:\Risdiani\UBSI\Skripsi\backend-api\target\classes started by risdiani.risdiani in C:\Risdiani\UBSI\Skripsi\backend-api)
2026-07-03T00:23:43.067+07:00  INFO 42844 --- [restartedMain] c.s.backend_api.BackendApiApplication    : No active profile set, falling back to 1 default profile: "default"
2026-07-03T00:23:46.064+07:00  INFO 42844 --- [restartedMain] .e.DevToolsPropertyDefaultsPostProcessor : Devtools property defaults active! Set 'spring.devtools.add-properties' to 'false' to disable
2026-07-03T00:23:46.107+07:00  INFO 42844 --- [restartedMain] .e.DevToolsPropertyDefaultsPostProcessor : For additional web related logging consider setting the 'logging.level.web' property to 'DEBUG'
2026-07-03T00:23:57.352+07:00  INFO 42844 --- [restartedMain] .s.d.r.c.RepositoryConfigurationDelegate : Bootstrapping Spring Data JPA repositories in DEFAULT mode.
2026-07-03T00:23:58.220+07:00  INFO 42844 --- [restartedMain] .s.d.r.c.RepositoryConfigurationDelegate : Finished Spring Data repository scanning in 796 ms. Found 8 JPA repository interfaces.
2026-07-03T00:24:02.061+07:00  INFO 42844 --- [restartedMain] o.s.b.w.embedded.tomcat.TomcatWebServer  : Tomcat initialized with port 8080 (http)
2026-07-03T00:24:02.134+07:00  INFO 42844 --- [restartedMain] o.apache.catalina.core.StandardService   : Starting service [Tomcat]
2026-07-03T00:24:02.137+07:00  INFO 42844 --- [restartedMain] o.apache.catalina.core.StandardEngine    : Starting Servlet engine: [Apache Tomcat/10.1.31]
2026-07-03T00:24:02.534+07:00  INFO 42844 --- [restartedMain] o.a.c.c.C.[Tomcat].[localhost].[/api]    : Initializing Spring embedded WebApplicationContext
2026-07-03T00:24:02.537+07:00  INFO 42844 --- [restartedMain] w.s.c.ServletWebServerApplicationContext : Root WebApplicationContext: initialization completed in 16332 ms
2026-07-03T00:24:03.288+07:00  INFO 42844 --- [restartedMain] o.hibernate.jpa.internal.util.LogHelper  : HHH000204: Processing PersistenceUnitInfo [name: default]
2026-07-03T00:24:03.608+07:00  INFO 42844 --- [restartedMain] org.hibernate.Version                    : HHH000412: Hibernate ORM core version 6.5.3.Final
2026-07-03T00:24:03.819+07:00  INFO 42844 --- [restartedMain] o.h.c.internal.RegionFactoryInitiator    : HHH000026: Second-level cache disabled
2026-07-03T00:24:05.520+07:00  INFO 42844 --- [restartedMain] o.s.o.j.p.SpringPersistenceUnitInfo      : No LoadTimeWeaver setup: ignoring JPA class transformer
2026-07-03T00:24:05.715+07:00  INFO 42844 --- [restartedMain] com.zaxxer.hikari.HikariDataSource       : ApoticHikariPool - Starting...
2026-07-03T00:24:06.603+07:00  INFO 42844 --- [restartedMain] com.zaxxer.hikari.pool.HikariPool        : ApoticHikariPool - Added connection com.mysql.cj.jdbc.ConnectionImpl@64661ed0
2026-07-03T00:24:06.616+07:00  INFO 42844 --- [restartedMain] com.zaxxer.hikari.HikariDataSource       : ApoticHikariPool - Start completed.
2026-07-03T00:24:06.990+07:00  WARN 42844 --- [restartedMain] org.hibernate.orm.deprecation            : HHH90000025: MySQLDialect does not need to be specified explicitly using 'hibernate.dialect' (remove the property setting and it will be selected by default)
2026-07-03T00:24:14.785+07:00  INFO 42844 --- [restartedMain] o.h.e.t.j.p.i.JtaPlatformInitiator       : HHH000489: No JTA platform available (set 'hibernate.transaction.jta.platform' to enable JTA platform integration)
2026-07-03T00:24:14.995+07:00  INFO 42844 --- [restartedMain] j.LocalContainerEntityManagerFactoryBean : Initialized JPA EntityManagerFactory for persistence unit 'default'
2026-07-03T00:24:16.723+07:00 DEBUG 42844 --- [restartedMain] c.s.backend_api.security.JwtAuthFilter   : Filter 'jwtAuthFilter' configured for use
2026-07-03T00:24:18.011+07:00  WARN 42844 --- [restartedMain] JpaBaseConfiguration$JpaWebConfiguration : spring.jpa.open-in-view is enabled by default. Therefore, database queries may be performed during view rendering. Explicitly configure spring.jpa.open-in-view to disable this warning
2026-07-03T00:24:18.162+07:00  INFO 42844 --- [restartedMain] r$InitializeUserDetailsManagerConfigurer : Global AuthenticationManager configured with UserDetailsService bean with name userDetailsServiceImpl
2026-07-03T00:24:18.928+07:00  INFO 42844 --- [restartedMain] o.s.d.j.r.query.QueryEnhancerFactory     : Hibernate is in classpath; If applicable, HQL parser will be used.
2026-07-03T00:24:21.629+07:00 DEBUG 42844 --- [restartedMain] o.s.s.web.DefaultSecurityFilterChain     : Will secure any request with filters: DisableEncodeUrlFilter, WebAsyncManagerIntegrationFilter, SecurityContextHolderFilter, HeaderWriterFilter, CorsFilter, LogoutFilter, JwtAuthFilter, RequestCacheAwareFilter, SecurityContextHolderAwareRequestFilter, AnonymousAuthenticationFilter, SessionManagementFilter, ExceptionTranslationFilter, AuthorizationFilter
2026-07-03T00:24:23.044+07:00  INFO 42844 --- [restartedMain] o.s.b.d.a.OptionalLiveReloadServer       : LiveReload server is running on port 35729
2026-07-03T00:24:23.296+07:00  INFO 42844 --- [restartedMain] o.s.b.w.embedded.tomcat.TomcatWebServer  : Tomcat started on port 8080 (http) with context path '/api'
2026-07-03T00:24:23.338+07:00  INFO 42844 --- [restartedMain] c.s.backend_api.BackendApiApplication    : Started BackendApiApplication in 59.265 seconds (process running for 66.073)
2026-07-03T00:48:11.955+07:00  INFO 42844 --- [http-nio-8080-exec-2] o.a.c.c.C.[Tomcat].[localhost].[/api]    : Initializing Spring DispatcherServlet 'dispatcherServlet'
2026-07-03T00:48:11.963+07:00  INFO 42844 --- [http-nio-8080-exec-2] o.s.web.servlet.DispatcherServlet        : Initializing Servlet 'dispatcherServlet'
2026-07-03T00:48:11.972+07:00  INFO 42844 --- [http-nio-8080-exec-2] o.s.web.servlet.DispatcherServlet        : Completed initialization in 9 ms
2026-07-03T00:48:12.089+07:00 DEBUG 42844 --- [http-nio-8080-exec-1] o.s.security.web.FilterChainProxy        : Securing OPTIONS /categories
2026-07-03T00:48:12.089+07:00 DEBUG 42844 --- [http-nio-8080-exec-2] o.s.security.web.FilterChainProxy        : Securing OPTIONS /products
2026-07-03T00:48:12.181+07:00 DEBUG 42844 --- [http-nio-8080-exec-3] o.s.security.web.FilterChainProxy        : Securing GET /categories
2026-07-03T00:48:12.181+07:00 DEBUG 42844 --- [http-nio-8080-exec-4] o.s.security.web.FilterChainProxy        : Securing GET /products
2026-07-03T00:48:12.194+07:00  INFO 42844 --- [http-nio-8080-exec-3] c.s.backend_api.security.JwtAuthFilter   : JwtAuthFilter hit path=/categories, hasAuthHeader=true, authPrefix=Bearer
2026-07-03T00:48:12.194+07:00  INFO 42844 --- [http-nio-8080-exec-4] c.s.backend_api.security.JwtAuthFilter   : JwtAuthFilter hit path=/products, hasAuthHeader=true, authPrefix=Bearer
2026-07-03T00:48:12.196+07:00 DEBUG 42844 --- [http-nio-8080-exec-3] c.s.backend_api.security.JwtService      : Extracting username dari token
2026-07-03T00:48:12.196+07:00 DEBUG 42844 --- [http-nio-8080-exec-4] c.s.backend_api.security.JwtService      : Extracting username dari token
2026-07-03T00:48:12.715+07:00 DEBUG 42844 --- [http-nio-8080-exec-4] c.s.backend_api.security.JwtService      : Extracting JTI dari token
2026-07-03T00:48:12.715+07:00 DEBUG 42844 --- [http-nio-8080-exec-3] c.s.backend_api.security.JwtService      : Extracting JTI dari token
2026-07-03T00:48:13.318+07:00 DEBUG 42844 --- [http-nio-8080-exec-3] c.s.backend_api.security.JwtService      : Extracting username dari token
2026-07-03T00:48:13.318+07:00 DEBUG 42844 --- [http-nio-8080-exec-4] c.s.backend_api.security.JwtService      : Extracting username dari token
2026-07-03T00:48:13.319+07:00 DEBUG 42844 --- [http-nio-8080-exec-3] c.s.backend_api.security.JwtService      : Extracting expiration dari token
2026-07-03T00:48:13.319+07:00 DEBUG 42844 --- [http-nio-8080-exec-4] c.s.backend_api.security.JwtService      : Extracting expiration dari token
2026-07-03T00:48:13.319+07:00 DEBUG 42844 --- [http-nio-8080-exec-3] c.s.backend_api.security.JwtService      : Token valid untuk username: admin.risdiani
2026-07-03T00:48:13.319+07:00 DEBUG 42844 --- [http-nio-8080-exec-4] c.s.backend_api.security.JwtService      : Token valid untuk username: admin.risdiani
2026-07-03T00:48:13.326+07:00  INFO 42844 --- [http-nio-8080-exec-4] c.s.backend_api.security.JwtAuthFilter   : JWT authenticated: user=admin.risdiani, authorities=[ROLE_SUPERADMIN]
2026-07-03T00:48:13.326+07:00  INFO 42844 --- [http-nio-8080-exec-3] c.s.backend_api.security.JwtAuthFilter   : JWT authenticated: user=admin.risdiani, authorities=[ROLE_SUPERADMIN]
2026-07-03T00:48:13.342+07:00 DEBUG 42844 --- [http-nio-8080-exec-4] o.s.security.web.FilterChainProxy        : Secured GET /products
2026-07-03T00:48:13.342+07:00 DEBUG 42844 --- [http-nio-8080-exec-3] o.s.security.web.FilterChainProxy        : Secured GET /categories
2026-07-03T00:48:13.400+07:00  INFO 42844 --- [http-nio-8080-exec-4] c.s.b.service.product.ProductService     : ProductService.findAll - fetching all products
2026-07-03T00:48:13.919+07:00  INFO 42844 --- [http-nio-8080-exec-4] c.s.b.service.product.ProductService     : ProductService.findAll - total=1049
2026-07-03T00:48:49.531+07:00 DEBUG 42844 --- [http-nio-8080-exec-5] o.s.security.web.FilterChainProxy        : Securing OPTIONS /auth/logout
2026-07-03T00:48:49.553+07:00 DEBUG 42844 --- [http-nio-8080-exec-6] o.s.security.web.FilterChainProxy        : Securing POST /auth/logout
2026-07-03T00:48:49.556+07:00  INFO 42844 --- [http-nio-8080-exec-6] c.s.backend_api.security.JwtAuthFilter   : JwtAuthFilter hit path=/auth/logout, hasAuthHeader=true, authPrefix=Bearer
2026-07-03T00:48:49.559+07:00 DEBUG 42844 --- [http-nio-8080-exec-6] c.s.backend_api.security.JwtService      : Extracting username dari token
2026-07-03T00:48:49.564+07:00 DEBUG 42844 --- [http-nio-8080-exec-6] c.s.backend_api.security.JwtService      : Extracting JTI dari token
2026-07-03T00:48:49.586+07:00 DEBUG 42844 --- [http-nio-8080-exec-6] c.s.backend_api.security.JwtService      : Extracting username dari token
2026-07-03T00:48:49.589+07:00 DEBUG 42844 --- [http-nio-8080-exec-6] c.s.backend_api.security.JwtService      : Extracting expiration dari token
2026-07-03T00:48:49.594+07:00 DEBUG 42844 --- [http-nio-8080-exec-6] c.s.backend_api.security.JwtService      : Token valid untuk username: admin.risdiani
2026-07-03T00:48:49.594+07:00  INFO 42844 --- [http-nio-8080-exec-6] c.s.backend_api.security.JwtAuthFilter   : JWT authenticated: user=admin.risdiani, authorities=[ROLE_SUPERADMIN]
2026-07-03T00:48:49.599+07:00 DEBUG 42844 --- [http-nio-8080-exec-6] o.s.security.web.FilterChainProxy        : Secured POST /auth/logout
2026-07-03T00:48:49.659+07:00 DEBUG 42844 --- [http-nio-8080-exec-6] c.s.backend_api.security.JwtService      : Extracting JTI dari token
2026-07-03T00:48:49.661+07:00 DEBUG 42844 --- [http-nio-8080-exec-6] c.s.backend_api.security.JwtService      : Extracting expiration dari token
2026-07-03T00:48:51.291+07:00 DEBUG 42844 --- [http-nio-8080-exec-7] o.s.security.web.FilterChainProxy        : Securing OPTIONS /auth/login
2026-07-03T00:48:51.311+07:00 DEBUG 42844 --- [http-nio-8080-exec-8] o.s.security.web.FilterChainProxy        : Securing POST /auth/login
2026-07-03T00:48:51.315+07:00  INFO 42844 --- [http-nio-8080-exec-8] c.s.backend_api.security.JwtAuthFilter   : JwtAuthFilter hit path=/auth/login, hasAuthHeader=false, authPrefix=none
2026-07-03T00:48:51.317+07:00  INFO 42844 --- [http-nio-8080-exec-8] c.s.backend_api.security.JwtAuthFilter   : JwtAuthFilter skip: no bearer token
2026-07-03T00:48:51.317+07:00 DEBUG 42844 --- [http-nio-8080-exec-8] o.s.s.w.a.AnonymousAuthenticationFilter  : Set SecurityContextHolder to anonymous SecurityContext
2026-07-03T00:48:51.319+07:00 DEBUG 42844 --- [http-nio-8080-exec-8] o.s.security.web.FilterChainProxy        : Secured POST /auth/login
2026-07-03T00:48:52.055+07:00 DEBUG 42844 --- [http-nio-8080-exec-8] o.s.s.a.dao.DaoAuthenticationProvider    : Authenticated user
2026-07-03T00:48:52.057+07:00  INFO 42844 --- [http-nio-8080-exec-8] c.s.backend_api.security.JwtService      : Generating JWT token untuk username: admin.risdiani
2026-07-03T00:48:52.129+07:00 DEBUG 42844 --- [http-nio-8080-exec-8] c.s.backend_api.security.JwtService      : Token created dengan expiration: 86400000 ms
2026-07-03T00:48:52.129+07:00 DEBUG 42844 --- [http-nio-8080-exec-8] c.s.backend_api.security.JwtService      : JWT token berhasil generated
2026-07-03T00:49:43.449+07:00 DEBUG 42844 --- [http-nio-8080-exec-10] o.s.security.web.FilterChainProxy        : Securing OPTIONS /users/4
2026-07-03T00:49:43.481+07:00 DEBUG 42844 --- [http-nio-8080-exec-2] o.s.security.web.FilterChainProxy        : Securing GET /users/4
2026-07-03T00:49:43.487+07:00  INFO 42844 --- [http-nio-8080-exec-2] c.s.backend_api.security.JwtAuthFilter   : JwtAuthFilter hit path=/users/4, hasAuthHeader=true, authPrefix=Bearer
2026-07-03T00:49:43.493+07:00 DEBUG 42844 --- [http-nio-8080-exec-2] c.s.backend_api.security.JwtService      : Extracting username dari token
2026-07-03T00:49:43.496+07:00 DEBUG 42844 --- [http-nio-8080-exec-2] c.s.backend_api.security.JwtService      : Extracting JTI dari token
2026-07-03T00:49:43.561+07:00 DEBUG 42844 --- [http-nio-8080-exec-2] c.s.backend_api.security.JwtService      : Extracting username dari token
2026-07-03T00:49:43.614+07:00 DEBUG 42844 --- [http-nio-8080-exec-2] c.s.backend_api.security.JwtService      : Extracting expiration dari token
2026-07-03T00:49:43.629+07:00 DEBUG 42844 --- [http-nio-8080-exec-2] c.s.backend_api.security.JwtService      : Token valid untuk username: admin.risdiani
2026-07-03T00:49:43.633+07:00  INFO 42844 --- [http-nio-8080-exec-2] c.s.backend_api.security.JwtAuthFilter   : JWT authenticated: user=admin.risdiani, authorities=[ROLE_SUPERADMIN]
2026-07-03T00:49:43.636+07:00 DEBUG 42844 --- [http-nio-8080-exec-2] o.s.security.web.FilterChainProxy        : Secured GET /users/4
2026-07-03T00:49:43.665+07:00  INFO 42844 --- [http-nio-8080-exec-2] c.s.b.service.user.UserService           : UserService.findById - id=4
2026-07-03T00:49:43.727+07:00  INFO 42844 --- [http-nio-8080-exec-2] c.s.b.service.user.UserService           : UserService.findById - found username=admin.risdiani
2026-07-03T00:50:14.816+07:00 DEBUG 42844 --- [http-nio-8080-exec-1] o.s.security.web.FilterChainProxy        : Securing POST /auth/logout
2026-07-03T00:50:14.821+07:00  INFO 42844 --- [http-nio-8080-exec-1] c.s.backend_api.security.JwtAuthFilter   : JwtAuthFilter hit path=/auth/logout, hasAuthHeader=true, authPrefix=Bearer
2026-07-03T00:50:14.822+07:00 DEBUG 42844 --- [http-nio-8080-exec-1] c.s.backend_api.security.JwtService      : Extracting username dari token
2026-07-03T00:50:14.822+07:00 DEBUG 42844 --- [http-nio-8080-exec-1] c.s.backend_api.security.JwtService      : Extracting JTI dari token
2026-07-03T00:50:14.862+07:00 DEBUG 42844 --- [http-nio-8080-exec-1] c.s.backend_api.security.JwtService      : Extracting username dari token
2026-07-03T00:50:14.864+07:00 DEBUG 42844 --- [http-nio-8080-exec-1] c.s.backend_api.security.JwtService      : Extracting expiration dari token
2026-07-03T00:50:14.875+07:00 DEBUG 42844 --- [http-nio-8080-exec-1] c.s.backend_api.security.JwtService      : Token valid untuk username: admin.risdiani
2026-07-03T00:50:14.877+07:00  INFO 42844 --- [http-nio-8080-exec-1] c.s.backend_api.security.JwtAuthFilter   : JWT authenticated: user=admin.risdiani, authorities=[ROLE_SUPERADMIN]
2026-07-03T00:50:14.879+07:00 DEBUG 42844 --- [http-nio-8080-exec-1] o.s.security.web.FilterChainProxy        : Secured POST /auth/logout
2026-07-03T00:50:14.879+07:00 DEBUG 42844 --- [http-nio-8080-exec-1] c.s.backend_api.security.JwtService      : Extracting JTI dari token
2026-07-03T00:50:14.893+07:00 DEBUG 42844 --- [http-nio-8080-exec-1] c.s.backend_api.security.JwtService      : Extracting expiration dari token
2026-07-03T00:50:16.137+07:00 DEBUG 42844 --- [http-nio-8080-exec-3] o.s.security.web.FilterChainProxy        : Securing POST /auth/login
2026-07-03T00:50:16.140+07:00  INFO 42844 --- [http-nio-8080-exec-3] c.s.backend_api.security.JwtAuthFilter   : JwtAuthFilter hit path=/auth/login, hasAuthHeader=false, authPrefix=none
2026-07-03T00:50:16.142+07:00  INFO 42844 --- [http-nio-8080-exec-3] c.s.backend_api.security.JwtAuthFilter   : JwtAuthFilter skip: no bearer token
2026-07-03T00:50:16.142+07:00 DEBUG 42844 --- [http-nio-8080-exec-3] o.s.s.w.a.AnonymousAuthenticationFilter  : Set SecurityContextHolder to anonymous SecurityContext
2026-07-03T00:50:16.142+07:00 DEBUG 42844 --- [http-nio-8080-exec-3] o.s.security.web.FilterChainProxy        : Secured POST /auth/login
2026-07-03T00:50:16.449+07:00 DEBUG 42844 --- [http-nio-8080-exec-3] o.s.s.a.dao.DaoAuthenticationProvider    : Authenticated user
2026-07-03T00:50:16.450+07:00  INFO 42844 --- [http-nio-8080-exec-3] c.s.backend_api.security.JwtService      : Generating JWT token untuk username: admin.risdiani
2026-07-03T00:50:16.450+07:00 DEBUG 42844 --- [http-nio-8080-exec-3] c.s.backend_api.security.JwtService      : Token created dengan expiration: 86400000 ms
2026-07-03T00:50:16.450+07:00 DEBUG 42844 --- [http-nio-8080-exec-3] c.s.backend_api.security.JwtService      : JWT token berhasil generated
2026-07-03T00:50:42.162+07:00 DEBUG 42844 --- [http-nio-8080-exec-4] o.s.security.web.FilterChainProxy        : Securing POST /auth/logout
2026-07-03T00:50:42.163+07:00  INFO 42844 --- [http-nio-8080-exec-4] c.s.backend_api.security.JwtAuthFilter   : JwtAuthFilter hit path=/auth/logout, hasAuthHeader=true, authPrefix=Bearer
2026-07-03T00:50:42.163+07:00 DEBUG 42844 --- [http-nio-8080-exec-4] c.s.backend_api.security.JwtService      : Extracting username dari token
2026-07-03T00:50:42.163+07:00 DEBUG 42844 --- [http-nio-8080-exec-4] c.s.backend_api.security.JwtService      : Extracting JTI dari token
2026-07-03T00:50:42.188+07:00 DEBUG 42844 --- [http-nio-8080-exec-4] c.s.backend_api.security.JwtService      : Extracting username dari token
2026-07-03T00:50:42.191+07:00 DEBUG 42844 --- [http-nio-8080-exec-4] c.s.backend_api.security.JwtService      : Extracting expiration dari token
2026-07-03T00:50:42.191+07:00 DEBUG 42844 --- [http-nio-8080-exec-4] c.s.backend_api.security.JwtService      : Token valid untuk username: admin.risdiani
2026-07-03T00:50:42.191+07:00  INFO 42844 --- [http-nio-8080-exec-4] c.s.backend_api.security.JwtAuthFilter   : JWT authenticated: user=admin.risdiani, authorities=[ROLE_SUPERADMIN]
2026-07-03T00:50:42.195+07:00 DEBUG 42844 --- [http-nio-8080-exec-4] o.s.security.web.FilterChainProxy        : Secured POST /auth/logout
2026-07-03T00:50:42.198+07:00 DEBUG 42844 --- [http-nio-8080-exec-4] c.s.backend_api.security.JwtService      : Extracting JTI dari token
2026-07-03T00:50:42.202+07:00 DEBUG 42844 --- [http-nio-8080-exec-4] c.s.backend_api.security.JwtService      : Extracting expiration dari token
2026-07-03T00:50:43.472+07:00 DEBUG 42844 --- [http-nio-8080-exec-5] o.s.security.web.FilterChainProxy        : Securing POST /auth/login
2026-07-03T00:50:43.479+07:00  INFO 42844 --- [http-nio-8080-exec-5] c.s.backend_api.security.JwtAuthFilter   : JwtAuthFilter hit path=/auth/login, hasAuthHeader=false, authPrefix=none
2026-07-03T00:50:43.482+07:00  INFO 42844 --- [http-nio-8080-exec-5] c.s.backend_api.security.JwtAuthFilter   : JwtAuthFilter skip: no bearer token
2026-07-03T00:50:43.485+07:00 DEBUG 42844 --- [http-nio-8080-exec-5] o.s.s.w.a.AnonymousAuthenticationFilter  : Set SecurityContextHolder to anonymous SecurityContext
2026-07-03T00:50:43.487+07:00 DEBUG 42844 --- [http-nio-8080-exec-5] o.s.security.web.FilterChainProxy        : Secured POST /auth/login
2026-07-03T00:50:43.746+07:00 DEBUG 42844 --- [http-nio-8080-exec-5] o.s.s.a.dao.DaoAuthenticationProvider    : Authenticated user
2026-07-03T00:50:43.746+07:00  INFO 42844 --- [http-nio-8080-exec-5] c.s.backend_api.security.JwtService      : Generating JWT token untuk username: admin.risdiani
2026-07-03T00:50:43.749+07:00 DEBUG 42844 --- [http-nio-8080-exec-5] c.s.backend_api.security.JwtService      : Token created dengan expiration: 86400000 ms
2026-07-03T00:50:43.749+07:00 DEBUG 42844 --- [http-nio-8080-exec-5] c.s.backend_api.security.JwtService      : JWT token berhasil generated
2026-07-03T00:51:24.890+07:00 DEBUG 42844 --- [http-nio-8080-exec-6] o.s.security.web.FilterChainProxy        : Securing POST /auth/logout
2026-07-03T00:51:24.892+07:00  INFO 42844 --- [http-nio-8080-exec-6] c.s.backend_api.security.JwtAuthFilter   : JwtAuthFilter hit path=/auth/logout, hasAuthHeader=true, authPrefix=Bearer
2026-07-03T00:51:24.895+07:00 DEBUG 42844 --- [http-nio-8080-exec-6] c.s.backend_api.security.JwtService      : Extracting username dari token
2026-07-03T00:51:24.899+07:00 DEBUG 42844 --- [http-nio-8080-exec-6] c.s.backend_api.security.JwtService      : Extracting JTI dari token
2026-07-03T00:51:24.924+07:00 DEBUG 42844 --- [http-nio-8080-exec-6] c.s.backend_api.security.JwtService      : Extracting username dari token
2026-07-03T00:51:24.928+07:00 DEBUG 42844 --- [http-nio-8080-exec-6] c.s.backend_api.security.JwtService      : Extracting expiration dari token
2026-07-03T00:51:24.931+07:00 DEBUG 42844 --- [http-nio-8080-exec-6] c.s.backend_api.security.JwtService      : Token valid untuk username: admin.risdiani
2026-07-03T00:51:24.932+07:00  INFO 42844 --- [http-nio-8080-exec-6] c.s.backend_api.security.JwtAuthFilter   : JWT authenticated: user=admin.risdiani, authorities=[ROLE_SUPERADMIN]
2026-07-03T00:51:24.933+07:00 DEBUG 42844 --- [http-nio-8080-exec-6] o.s.security.web.FilterChainProxy        : Secured POST /auth/logout
2026-07-03T00:51:24.935+07:00 DEBUG 42844 --- [http-nio-8080-exec-6] c.s.backend_api.security.JwtService      : Extracting JTI dari token
2026-07-03T00:51:24.938+07:00 DEBUG 42844 --- [http-nio-8080-exec-6] c.s.backend_api.security.JwtService      : Extracting expiration dari token
2026-07-03T00:51:26.046+07:00 DEBUG 42844 --- [http-nio-8080-exec-7] o.s.security.web.FilterChainProxy        : Securing POST /auth/login
2026-07-03T00:51:26.047+07:00  INFO 42844 --- [http-nio-8080-exec-7] c.s.backend_api.security.JwtAuthFilter   : JwtAuthFilter hit path=/auth/login, hasAuthHeader=false, authPrefix=none
2026-07-03T00:51:26.049+07:00  INFO 42844 --- [http-nio-8080-exec-7] c.s.backend_api.security.JwtAuthFilter   : JwtAuthFilter skip: no bearer token
2026-07-03T00:51:26.049+07:00 DEBUG 42844 --- [http-nio-8080-exec-7] o.s.s.w.a.AnonymousAuthenticationFilter  : Set SecurityContextHolder to anonymous SecurityContext
2026-07-03T00:51:26.049+07:00 DEBUG 42844 --- [http-nio-8080-exec-7] o.s.security.web.FilterChainProxy        : Secured POST /auth/login
2026-07-03T00:51:26.332+07:00 DEBUG 42844 --- [http-nio-8080-exec-7] o.s.s.a.dao.DaoAuthenticationProvider    : Authenticated user
2026-07-03T00:51:26.332+07:00  INFO 42844 --- [http-nio-8080-exec-7] c.s.backend_api.security.JwtService      : Generating JWT token untuk username: admin.risdiani
2026-07-03T00:51:26.338+07:00 DEBUG 42844 --- [http-nio-8080-exec-7] c.s.backend_api.security.JwtService      : Token created dengan expiration: 86400000 ms
2026-07-03T00:51:26.339+07:00 DEBUG 42844 --- [http-nio-8080-exec-7] c.s.backend_api.security.JwtService      : JWT token berhasil generated
2026-07-03T00:51:32.666+07:00 DEBUG 42844 --- [http-nio-8080-exec-8] o.s.security.web.FilterChainProxy        : Securing POST /auth/logout
2026-07-03T00:51:32.666+07:00  INFO 42844 --- [http-nio-8080-exec-8] c.s.backend_api.security.JwtAuthFilter   : JwtAuthFilter hit path=/auth/logout, hasAuthHeader=true, authPrefix=Bearer
2026-07-03T00:51:32.666+07:00 DEBUG 42844 --- [http-nio-8080-exec-8] c.s.backend_api.security.JwtService      : Extracting username dari token
2026-07-03T00:51:32.672+07:00 DEBUG 42844 --- [http-nio-8080-exec-8] c.s.backend_api.security.JwtService      : Extracting JTI dari token
2026-07-03T00:51:32.702+07:00 DEBUG 42844 --- [http-nio-8080-exec-8] c.s.backend_api.security.JwtService      : Extracting username dari token
2026-07-03T00:51:32.732+07:00 DEBUG 42844 --- [http-nio-8080-exec-8] c.s.backend_api.security.JwtService      : Extracting expiration dari token
2026-07-03T00:51:32.738+07:00 DEBUG 42844 --- [http-nio-8080-exec-8] c.s.backend_api.security.JwtService      : Token valid untuk username: admin.risdiani
2026-07-03T00:51:32.741+07:00  INFO 42844 --- [http-nio-8080-exec-8] c.s.backend_api.security.JwtAuthFilter   : JWT authenticated: user=admin.risdiani, authorities=[ROLE_SUPERADMIN]
2026-07-03T00:51:32.750+07:00 DEBUG 42844 --- [http-nio-8080-exec-8] o.s.security.web.FilterChainProxy        : Secured POST /auth/logout
2026-07-03T00:51:32.757+07:00 DEBUG 42844 --- [http-nio-8080-exec-8] c.s.backend_api.security.JwtService      : Extracting JTI dari token
2026-07-03T00:51:32.764+07:00 DEBUG 42844 --- [http-nio-8080-exec-8] c.s.backend_api.security.JwtService      : Extracting expiration dari token
2026-07-03T00:51:33.995+07:00 DEBUG 42844 --- [http-nio-8080-exec-9] o.s.security.web.FilterChainProxy        : Securing POST /auth/login
2026-07-03T00:51:33.996+07:00  INFO 42844 --- [http-nio-8080-exec-9] c.s.backend_api.security.JwtAuthFilter   : JwtAuthFilter hit path=/auth/login, hasAuthHeader=false, authPrefix=none
2026-07-03T00:51:33.996+07:00  INFO 42844 --- [http-nio-8080-exec-9] c.s.backend_api.security.JwtAuthFilter   : JwtAuthFilter skip: no bearer token
2026-07-03T00:51:33.996+07:00 DEBUG 42844 --- [http-nio-8080-exec-9] o.s.s.w.a.AnonymousAuthenticationFilter  : Set SecurityContextHolder to anonymous SecurityContext
2026-07-03T00:51:33.996+07:00 DEBUG 42844 --- [http-nio-8080-exec-9] o.s.security.web.FilterChainProxy        : Secured POST /auth/login
2026-07-03T00:51:34.299+07:00 DEBUG 42844 --- [http-nio-8080-exec-9] o.s.s.a.dao.DaoAuthenticationProvider    : Authenticated user
2026-07-03T00:51:34.299+07:00  INFO 42844 --- [http-nio-8080-exec-9] c.s.backend_api.security.JwtService      : Generating JWT token untuk username: admin.risdiani
2026-07-03T00:51:34.302+07:00 DEBUG 42844 --- [http-nio-8080-exec-9] c.s.backend_api.security.JwtService      : Token created dengan expiration: 86400000 ms
2026-07-03T00:51:34.302+07:00 DEBUG 42844 --- [http-nio-8080-exec-9] c.s.backend_api.security.JwtService      : JWT token berhasil generated
2026-07-03T00:51:53.221+07:00 DEBUG 42844 --- [http-nio-8080-exec-10] o.s.security.web.FilterChainProxy        : Securing POST /auth/logout
2026-07-03T00:51:53.224+07:00  INFO 42844 --- [http-nio-8080-exec-10] c.s.backend_api.security.JwtAuthFilter   : JwtAuthFilter hit path=/auth/logout, hasAuthHeader=true, authPrefix=Bearer
2026-07-03T00:51:53.224+07:00 DEBUG 42844 --- [http-nio-8080-exec-10] c.s.backend_api.security.JwtService      : Extracting username dari token
2026-07-03T00:51:53.228+07:00 DEBUG 42844 --- [http-nio-8080-exec-10] c.s.backend_api.security.JwtService      : Extracting JTI dari token
2026-07-03T00:51:53.252+07:00 DEBUG 42844 --- [http-nio-8080-exec-10] c.s.backend_api.security.JwtService      : Extracting username dari token
2026-07-03T00:51:53.256+07:00 DEBUG 42844 --- [http-nio-8080-exec-10] c.s.backend_api.security.JwtService      : Extracting expiration dari token
2026-07-03T00:51:53.260+07:00 DEBUG 42844 --- [http-nio-8080-exec-10] c.s.backend_api.security.JwtService      : Token valid untuk username: admin.risdiani
2026-07-03T00:51:53.262+07:00  INFO 42844 --- [http-nio-8080-exec-10] c.s.backend_api.security.JwtAuthFilter   : JWT authenticated: user=admin.risdiani, authorities=[ROLE_SUPERADMIN]
2026-07-03T00:51:53.262+07:00 DEBUG 42844 --- [http-nio-8080-exec-10] o.s.security.web.FilterChainProxy        : Secured POST /auth/logout
2026-07-03T00:51:53.264+07:00 DEBUG 42844 --- [http-nio-8080-exec-10] c.s.backend_api.security.JwtService      : Extracting JTI dari token
2026-07-03T00:51:53.269+07:00 DEBUG 42844 --- [http-nio-8080-exec-10] c.s.backend_api.security.JwtService      : Extracting expiration dari token
2026-07-03T00:51:54.305+07:00 DEBUG 42844 --- [http-nio-8080-exec-2] o.s.security.web.FilterChainProxy        : Securing POST /auth/login
2026-07-03T00:51:54.308+07:00  INFO 42844 --- [http-nio-8080-exec-2] c.s.backend_api.security.JwtAuthFilter   : JwtAuthFilter hit path=/auth/login, hasAuthHeader=false, authPrefix=none
2026-07-03T00:51:54.309+07:00  INFO 42844 --- [http-nio-8080-exec-2] c.s.backend_api.security.JwtAuthFilter   : JwtAuthFilter skip: no bearer token
2026-07-03T00:51:54.309+07:00 DEBUG 42844 --- [http-nio-8080-exec-2] o.s.s.w.a.AnonymousAuthenticationFilter  : Set SecurityContextHolder to anonymous SecurityContext
2026-07-03T00:51:54.309+07:00 DEBUG 42844 --- [http-nio-8080-exec-2] o.s.security.web.FilterChainProxy        : Secured POST /auth/login
2026-07-03T00:51:54.620+07:00 DEBUG 42844 --- [http-nio-8080-exec-2] o.s.s.a.dao.DaoAuthenticationProvider    : Authenticated user
2026-07-03T00:51:54.620+07:00  INFO 42844 --- [http-nio-8080-exec-2] c.s.backend_api.security.JwtService      : Generating JWT token untuk username: admin.risdiani
2026-07-03T00:51:54.623+07:00 DEBUG 42844 --- [http-nio-8080-exec-2] c.s.backend_api.security.JwtService      : Token created dengan expiration: 86400000 ms
2026-07-03T00:51:54.626+07:00 DEBUG 42844 --- [http-nio-8080-exec-2] c.s.backend_api.security.JwtService      : JWT token berhasil generated
2026-07-03T00:54:49.066+07:00 DEBUG 42844 --- [http-nio-8080-exec-3] o.s.security.web.FilterChainProxy        : Securing GET /users/4
2026-07-03T00:54:49.068+07:00  INFO 42844 --- [http-nio-8080-exec-3] c.s.backend_api.security.JwtAuthFilter   : JwtAuthFilter hit path=/users/4, hasAuthHeader=true, authPrefix=Bearer
2026-07-03T00:54:49.070+07:00 DEBUG 42844 --- [http-nio-8080-exec-3] c.s.backend_api.security.JwtService      : Extracting username dari token
2026-07-03T00:54:49.072+07:00 DEBUG 42844 --- [http-nio-8080-exec-3] c.s.backend_api.security.JwtService      : Extracting JTI dari token
2026-07-03T00:54:49.101+07:00 DEBUG 42844 --- [http-nio-8080-exec-3] c.s.backend_api.security.JwtService      : Extracting username dari token
2026-07-03T00:54:49.101+07:00 DEBUG 42844 --- [http-nio-8080-exec-3] c.s.backend_api.security.JwtService      : Extracting expiration dari token
2026-07-03T00:54:49.108+07:00 DEBUG 42844 --- [http-nio-8080-exec-3] c.s.backend_api.security.JwtService      : Token valid untuk username: admin.risdiani
2026-07-03T00:54:49.114+07:00  INFO 42844 --- [http-nio-8080-exec-3] c.s.backend_api.security.JwtAuthFilter   : JWT authenticated: user=admin.risdiani, authorities=[ROLE_SUPERADMIN]
2026-07-03T00:54:49.117+07:00 DEBUG 42844 --- [http-nio-8080-exec-3] o.s.security.web.FilterChainProxy        : Secured GET /users/4
2026-07-03T00:54:49.136+07:00  INFO 42844 --- [http-nio-8080-exec-3] c.s.b.service.user.UserService           : UserService.findById - id=4
2026-07-03T00:54:49.154+07:00  INFO 42844 --- [http-nio-8080-exec-3] c.s.b.service.user.UserService           : UserService.findById - found username=admin.risdiani
2026-07-03T00:55:32.214+07:00 DEBUG 42844 --- [http-nio-8080-exec-4] o.s.security.web.FilterChainProxy        : Securing GET /users/4
2026-07-03T00:55:32.216+07:00  INFO 42844 --- [http-nio-8080-exec-4] c.s.backend_api.security.JwtAuthFilter   : JwtAuthFilter hit path=/users/4, hasAuthHeader=true, authPrefix=Bearer
2026-07-03T00:55:32.216+07:00 DEBUG 42844 --- [http-nio-8080-exec-4] c.s.backend_api.security.JwtService      : Extracting username dari token
2026-07-03T00:55:32.218+07:00 DEBUG 42844 --- [http-nio-8080-exec-4] c.s.backend_api.security.JwtService      : Extracting JTI dari token
2026-07-03T00:55:32.241+07:00 DEBUG 42844 --- [http-nio-8080-exec-4] c.s.backend_api.security.JwtService      : Extracting username dari token
2026-07-03T00:55:32.246+07:00 DEBUG 42844 --- [http-nio-8080-exec-4] c.s.backend_api.security.JwtService      : Extracting expiration dari token
2026-07-03T00:55:32.249+07:00 DEBUG 42844 --- [http-nio-8080-exec-4] c.s.backend_api.security.JwtService      : Token valid untuk username: admin.risdiani
2026-07-03T00:55:32.251+07:00  INFO 42844 --- [http-nio-8080-exec-4] c.s.backend_api.security.JwtAuthFilter   : JWT authenticated: user=admin.risdiani, authorities=[ROLE_SUPERADMIN]
2026-07-03T00:55:32.253+07:00 DEBUG 42844 --- [http-nio-8080-exec-4] o.s.security.web.FilterChainProxy        : Secured GET /users/4
2026-07-03T00:55:32.260+07:00  INFO 42844 --- [http-nio-8080-exec-4] c.s.b.service.user.UserService           : UserService.findById - id=4
2026-07-03T00:55:32.273+07:00  INFO 42844 --- [http-nio-8080-exec-4] c.s.b.service.user.UserService           : UserService.findById - found username=admin.risdiani
2026-07-03T00:55:35.608+07:00 DEBUG 42844 --- [http-nio-8080-exec-5] o.s.security.web.FilterChainProxy        : Securing GET /users/4
2026-07-03T00:55:35.610+07:00  INFO 42844 --- [http-nio-8080-exec-5] c.s.backend_api.security.JwtAuthFilter   : JwtAuthFilter hit path=/users/4, hasAuthHeader=true, authPrefix=Bearer
2026-07-03T00:55:35.610+07:00 DEBUG 42844 --- [http-nio-8080-exec-5] c.s.backend_api.security.JwtService      : Extracting username dari token
2026-07-03T00:55:35.612+07:00 DEBUG 42844 --- [http-nio-8080-exec-5] c.s.backend_api.security.JwtService      : Extracting JTI dari token
2026-07-03T00:55:35.626+07:00 DEBUG 42844 --- [http-nio-8080-exec-5] c.s.backend_api.security.JwtService      : Extracting username dari token
2026-07-03T00:55:35.631+07:00 DEBUG 42844 --- [http-nio-8080-exec-5] c.s.backend_api.security.JwtService      : Extracting expiration dari token
2026-07-03T00:55:35.633+07:00 DEBUG 42844 --- [http-nio-8080-exec-5] c.s.backend_api.security.JwtService      : Token valid untuk username: admin.risdiani
2026-07-03T00:55:35.635+07:00  INFO 42844 --- [http-nio-8080-exec-5] c.s.backend_api.security.JwtAuthFilter   : JWT authenticated: user=admin.risdiani, authorities=[ROLE_SUPERADMIN]
2026-07-03T00:55:35.635+07:00 DEBUG 42844 --- [http-nio-8080-exec-5] o.s.security.web.FilterChainProxy        : Secured GET /users/4
2026-07-03T00:55:35.641+07:00  INFO 42844 --- [http-nio-8080-exec-5] c.s.b.service.user.UserService           : UserService.findById - id=4
2026-07-03T00:55:35.666+07:00  INFO 42844 --- [http-nio-8080-exec-5] c.s.b.service.user.UserService           : UserService.findById - found username=admin.risdiani
2026-07-03T00:56:55.903+07:00 DEBUG 42844 --- [http-nio-8080-exec-7] o.s.security.web.FilterChainProxy        : Securing GET /users/4
2026-07-03T00:56:55.907+07:00  INFO 42844 --- [http-nio-8080-exec-7] c.s.backend_api.security.JwtAuthFilter   : JwtAuthFilter hit path=/users/4, hasAuthHeader=true, authPrefix=Bearer
2026-07-03T00:56:55.908+07:00 DEBUG 42844 --- [http-nio-8080-exec-7] c.s.backend_api.security.JwtService      : Extracting username dari token
2026-07-03T00:56:55.913+07:00 DEBUG 42844 --- [http-nio-8080-exec-7] c.s.backend_api.security.JwtService      : Extracting JTI dari token
2026-07-03T00:56:55.937+07:00 DEBUG 42844 --- [http-nio-8080-exec-7] c.s.backend_api.security.JwtService      : Extracting username dari token
2026-07-03T00:56:55.941+07:00 DEBUG 42844 --- [http-nio-8080-exec-7] c.s.backend_api.security.JwtService      : Extracting expiration dari token
2026-07-03T00:56:55.943+07:00 DEBUG 42844 --- [http-nio-8080-exec-7] c.s.backend_api.security.JwtService      : Token valid untuk username: admin.risdiani
2026-07-03T00:56:55.943+07:00  INFO 42844 --- [http-nio-8080-exec-7] c.s.backend_api.security.JwtAuthFilter   : JWT authenticated: user=admin.risdiani, authorities=[ROLE_SUPERADMIN]
2026-07-03T00:56:55.949+07:00 DEBUG 42844 --- [http-nio-8080-exec-7] o.s.security.web.FilterChainProxy        : Secured GET /users/4
2026-07-03T00:56:55.955+07:00  INFO 42844 --- [http-nio-8080-exec-7] c.s.b.service.user.UserService           : UserService.findById - id=4
2026-07-03T00:56:55.974+07:00  INFO 42844 --- [http-nio-8080-exec-7] c.s.b.service.user.UserService           : UserService.findById - found username=admin.risdiani
2026-07-03T00:59:01.058+07:00 DEBUG 42844 --- [http-nio-8080-exec-9] o.s.security.web.FilterChainProxy        : Securing GET /users/4
2026-07-03T00:59:01.061+07:00  INFO 42844 --- [http-nio-8080-exec-9] c.s.backend_api.security.JwtAuthFilter   : JwtAuthFilter hit path=/users/4, hasAuthHeader=true, authPrefix=Bearer
2026-07-03T00:59:01.061+07:00 DEBUG 42844 --- [http-nio-8080-exec-9] c.s.backend_api.security.JwtService      : Extracting username dari token
2026-07-03T00:59:01.066+07:00 DEBUG 42844 --- [http-nio-8080-exec-9] c.s.backend_api.security.JwtService      : Extracting JTI dari token
2026-07-03T00:59:01.094+07:00 DEBUG 42844 --- [http-nio-8080-exec-9] c.s.backend_api.security.JwtService      : Extracting username dari token
2026-07-03T00:59:01.097+07:00 DEBUG 42844 --- [http-nio-8080-exec-9] c.s.backend_api.security.JwtService      : Extracting expiration dari token
2026-07-03T00:59:01.100+07:00 DEBUG 42844 --- [http-nio-8080-exec-9] c.s.backend_api.security.JwtService      : Token valid untuk username: admin.risdiani
2026-07-03T00:59:01.103+07:00  INFO 42844 --- [http-nio-8080-exec-9] c.s.backend_api.security.JwtAuthFilter   : JWT authenticated: user=admin.risdiani, authorities=[ROLE_SUPERADMIN]
2026-07-03T00:59:01.105+07:00 DEBUG 42844 --- [http-nio-8080-exec-9] o.s.security.web.FilterChainProxy        : Secured GET /users/4
2026-07-03T00:59:01.109+07:00  INFO 42844 --- [http-nio-8080-exec-9] c.s.b.service.user.UserService           : UserService.findById - id=4
2026-07-03T00:59:01.119+07:00  INFO 42844 --- [http-nio-8080-exec-9] c.s.b.service.user.UserService           : UserService.findById - found username=admin.risdiani
2026-07-03T00:59:02.595+07:00 DEBUG 42844 --- [http-nio-8080-exec-10] o.s.security.web.FilterChainProxy        : Securing OPTIONS /users
2026-07-03T00:59:02.608+07:00 DEBUG 42844 --- [http-nio-8080-exec-2] o.s.security.web.FilterChainProxy        : Securing OPTIONS /roles
2026-07-03T00:59:02.625+07:00 DEBUG 42844 --- [http-nio-8080-exec-1] o.s.security.web.FilterChainProxy        : Securing GET /users
2026-07-03T00:59:02.626+07:00  INFO 42844 --- [http-nio-8080-exec-1] c.s.backend_api.security.JwtAuthFilter   : JwtAuthFilter hit path=/users, hasAuthHeader=true, authPrefix=Bearer
2026-07-03T00:59:02.630+07:00 DEBUG 42844 --- [http-nio-8080-exec-1] c.s.backend_api.security.JwtService      : Extracting username dari token
2026-07-03T00:59:02.635+07:00 DEBUG 42844 --- [http-nio-8080-exec-1] c.s.backend_api.security.JwtService      : Extracting JTI dari token
2026-07-03T00:59:02.635+07:00 DEBUG 42844 --- [http-nio-8080-exec-3] o.s.security.web.FilterChainProxy        : Securing GET /roles
2026-07-03T00:59:02.639+07:00  INFO 42844 --- [http-nio-8080-exec-3] c.s.backend_api.security.JwtAuthFilter   : JwtAuthFilter hit path=/roles, hasAuthHeader=true, authPrefix=Bearer
2026-07-03T00:59:02.641+07:00 DEBUG 42844 --- [http-nio-8080-exec-3] c.s.backend_api.security.JwtService      : Extracting username dari token
2026-07-03T00:59:02.648+07:00 DEBUG 42844 --- [http-nio-8080-exec-3] c.s.backend_api.security.JwtService      : Extracting JTI dari token
2026-07-03T00:59:02.661+07:00 DEBUG 42844 --- [http-nio-8080-exec-1] c.s.backend_api.security.JwtService      : Extracting username dari token
2026-07-03T00:59:02.664+07:00 DEBUG 42844 --- [http-nio-8080-exec-1] c.s.backend_api.security.JwtService      : Extracting expiration dari token
2026-07-03T00:59:02.673+07:00 DEBUG 42844 --- [http-nio-8080-exec-1] c.s.backend_api.security.JwtService      : Token valid untuk username: admin.risdiani
2026-07-03T00:59:02.675+07:00  INFO 42844 --- [http-nio-8080-exec-1] c.s.backend_api.security.JwtAuthFilter   : JWT authenticated: user=admin.risdiani, authorities=[ROLE_SUPERADMIN]
2026-07-03T00:59:02.675+07:00 DEBUG 42844 --- [http-nio-8080-exec-3] c.s.backend_api.security.JwtService      : Extracting username dari token
2026-07-03T00:59:02.675+07:00 DEBUG 42844 --- [http-nio-8080-exec-1] o.s.security.web.FilterChainProxy        : Secured GET /users
2026-07-03T00:59:02.677+07:00 DEBUG 42844 --- [http-nio-8080-exec-3] c.s.backend_api.security.JwtService      : Extracting expiration dari token
2026-07-03T00:59:02.688+07:00 DEBUG 42844 --- [http-nio-8080-exec-3] c.s.backend_api.security.JwtService      : Token valid untuk username: admin.risdiani
2026-07-03T00:59:02.690+07:00  INFO 42844 --- [http-nio-8080-exec-3] c.s.backend_api.security.JwtAuthFilter   : JWT authenticated: user=admin.risdiani, authorities=[ROLE_SUPERADMIN]
2026-07-03T00:59:02.690+07:00  INFO 42844 --- [http-nio-8080-exec-1] c.s.b.service.user.UserService           : UserService.findAll - fetching all users
2026-07-03T00:59:02.692+07:00 DEBUG 42844 --- [http-nio-8080-exec-3] o.s.security.web.FilterChainProxy        : Secured GET /roles
2026-07-03T00:59:02.709+07:00  INFO 42844 --- [http-nio-8080-exec-3] c.s.b.service.role.RoleService           : RoleService.findAll - fetching all roles
2026-07-03T00:59:02.728+07:00  INFO 42844 --- [http-nio-8080-exec-1] c.s.b.service.user.UserService           : UserService.findAll - total=2
2026-07-03T00:59:02.739+07:00  INFO 42844 --- [http-nio-8080-exec-3] c.s.b.service.role.RoleService           : RoleService.findAll - total=2
2026-07-03T00:59:04.096+07:00 DEBUG 42844 --- [http-nio-8080-exec-4] o.s.security.web.FilterChainProxy        : Securing GET /users/4
2026-07-03T00:59:04.099+07:00  INFO 42844 --- [http-nio-8080-exec-4] c.s.backend_api.security.JwtAuthFilter   : JwtAuthFilter hit path=/users/4, hasAuthHeader=true, authPrefix=Bearer
2026-07-03T00:59:04.099+07:00 DEBUG 42844 --- [http-nio-8080-exec-4] c.s.backend_api.security.JwtService      : Extracting username dari token
2026-07-03T00:59:04.101+07:00 DEBUG 42844 --- [http-nio-8080-exec-4] c.s.backend_api.security.JwtService      : Extracting JTI dari token
2026-07-03T00:59:04.120+07:00 DEBUG 42844 --- [http-nio-8080-exec-4] c.s.backend_api.security.JwtService      : Extracting username dari token
2026-07-03T00:59:04.123+07:00 DEBUG 42844 --- [http-nio-8080-exec-4] c.s.backend_api.security.JwtService      : Extracting expiration dari token
2026-07-03T00:59:04.125+07:00 DEBUG 42844 --- [http-nio-8080-exec-4] c.s.backend_api.security.JwtService      : Token valid untuk username: admin.risdiani
2026-07-03T00:59:04.126+07:00  INFO 42844 --- [http-nio-8080-exec-4] c.s.backend_api.security.JwtAuthFilter   : JWT authenticated: user=admin.risdiani, authorities=[ROLE_SUPERADMIN]
2026-07-03T00:59:04.131+07:00 DEBUG 42844 --- [http-nio-8080-exec-4] o.s.security.web.FilterChainProxy        : Secured GET /users/4
2026-07-03T00:59:04.134+07:00  INFO 42844 --- [http-nio-8080-exec-4] c.s.b.service.user.UserService           : UserService.findById - id=4
2026-07-03T00:59:04.152+07:00  INFO 42844 --- [http-nio-8080-exec-4] c.s.b.service.user.UserService           : UserService.findById - found username=admin.risdiani
2026-07-03T00:59:07.739+07:00 DEBUG 42844 --- [http-nio-8080-exec-5] o.s.security.web.FilterChainProxy        : Securing GET /users/4
2026-07-03T00:59:07.742+07:00  INFO 42844 --- [http-nio-8080-exec-5] c.s.backend_api.security.JwtAuthFilter   : JwtAuthFilter hit path=/users/4, hasAuthHeader=true, authPrefix=Bearer
2026-07-03T00:59:07.742+07:00 DEBUG 42844 --- [http-nio-8080-exec-5] c.s.backend_api.security.JwtService      : Extracting username dari token
2026-07-03T00:59:07.747+07:00 DEBUG 42844 --- [http-nio-8080-exec-5] c.s.backend_api.security.JwtService      : Extracting JTI dari token
2026-07-03T00:59:07.762+07:00 DEBUG 42844 --- [http-nio-8080-exec-5] c.s.backend_api.security.JwtService      : Extracting username dari token
2026-07-03T00:59:07.768+07:00 DEBUG 42844 --- [http-nio-8080-exec-5] c.s.backend_api.security.JwtService      : Extracting expiration dari token
2026-07-03T00:59:07.770+07:00 DEBUG 42844 --- [http-nio-8080-exec-5] c.s.backend_api.security.JwtService      : Token valid untuk username: admin.risdiani
2026-07-03T00:59:07.773+07:00  INFO 42844 --- [http-nio-8080-exec-5] c.s.backend_api.security.JwtAuthFilter   : JWT authenticated: user=admin.risdiani, authorities=[ROLE_SUPERADMIN]
2026-07-03T00:59:07.773+07:00 DEBUG 42844 --- [http-nio-8080-exec-5] o.s.security.web.FilterChainProxy        : Secured GET /users/4
2026-07-03T00:59:07.776+07:00  INFO 42844 --- [http-nio-8080-exec-5] c.s.b.service.user.UserService           : UserService.findById - id=4
2026-07-03T00:59:07.791+07:00  INFO 42844 --- [http-nio-8080-exec-5] c.s.b.service.user.UserService           : UserService.findById - found username=admin.risdiani
2026-07-03T01:00:27.268+07:00 DEBUG 42844 --- [http-nio-8080-exec-8] o.s.security.web.FilterChainProxy        : Securing GET /categories
2026-07-03T01:00:27.270+07:00  INFO 42844 --- [http-nio-8080-exec-8] c.s.backend_api.security.JwtAuthFilter   : JwtAuthFilter hit path=/categories, hasAuthHeader=true, authPrefix=Bearer
2026-07-03T01:00:27.272+07:00 DEBUG 42844 --- [http-nio-8080-exec-8] c.s.backend_api.security.JwtService      : Extracting username dari token
2026-07-03T01:00:27.274+07:00 DEBUG 42844 --- [http-nio-8080-exec-8] c.s.backend_api.security.JwtService      : Extracting JTI dari token
2026-07-03T01:00:27.296+07:00 DEBUG 42844 --- [http-nio-8080-exec-8] c.s.backend_api.security.JwtService      : Extracting username dari token
2026-07-03T01:00:27.298+07:00 DEBUG 42844 --- [http-nio-8080-exec-8] c.s.backend_api.security.JwtService      : Extracting expiration dari token
2026-07-03T01:00:27.301+07:00 DEBUG 42844 --- [http-nio-8080-exec-8] c.s.backend_api.security.JwtService      : Token valid untuk username: admin.risdiani
2026-07-03T01:00:27.303+07:00  INFO 42844 --- [http-nio-8080-exec-8] c.s.backend_api.security.JwtAuthFilter   : JWT authenticated: user=admin.risdiani, authorities=[ROLE_SUPERADMIN]
2026-07-03T01:00:27.306+07:00 DEBUG 42844 --- [http-nio-8080-exec-8] o.s.security.web.FilterChainProxy        : Secured GET /categories
2026-07-03T01:00:38.892+07:00 DEBUG 42844 --- [http-nio-8080-exec-9] o.s.security.web.FilterChainProxy        : Securing OPTIONS /categories/5
2026-07-03T01:00:38.917+07:00 DEBUG 42844 --- [http-nio-8080-exec-10] o.s.security.web.FilterChainProxy        : Securing PUT /categories/5
2026-07-03T01:00:38.924+07:00  INFO 42844 --- [http-nio-8080-exec-10] c.s.backend_api.security.JwtAuthFilter   : JwtAuthFilter hit path=/categories/5, hasAuthHeader=true, authPrefix=Bearer
2026-07-03T01:00:38.929+07:00 DEBUG 42844 --- [http-nio-8080-exec-10] c.s.backend_api.security.JwtService      : Extracting username dari token
2026-07-03T01:00:38.930+07:00 DEBUG 42844 --- [http-nio-8080-exec-10] c.s.backend_api.security.JwtService      : Extracting JTI dari token
2026-07-03T01:00:38.950+07:00 DEBUG 42844 --- [http-nio-8080-exec-10] c.s.backend_api.security.JwtService      : Extracting username dari token
2026-07-03T01:00:38.957+07:00 DEBUG 42844 --- [http-nio-8080-exec-10] c.s.backend_api.security.JwtService      : Extracting expiration dari token
2026-07-03T01:00:38.961+07:00 DEBUG 42844 --- [http-nio-8080-exec-10] c.s.backend_api.security.JwtService      : Token valid untuk username: admin.risdiani
2026-07-03T01:00:38.974+07:00  INFO 42844 --- [http-nio-8080-exec-10] c.s.backend_api.security.JwtAuthFilter   : JWT authenticated: user=admin.risdiani, authorities=[ROLE_SUPERADMIN]
2026-07-03T01:00:38.980+07:00 DEBUG 42844 --- [http-nio-8080-exec-10] o.s.security.web.FilterChainProxy        : Secured PUT /categories/5
2026-07-03T01:00:39.511+07:00 DEBUG 42844 --- [http-nio-8080-exec-2] o.s.security.web.FilterChainProxy        : Securing GET /categories
2026-07-03T01:00:39.514+07:00  INFO 42844 --- [http-nio-8080-exec-2] c.s.backend_api.security.JwtAuthFilter   : JwtAuthFilter hit path=/categories, hasAuthHeader=true, authPrefix=Bearer
2026-07-03T01:00:39.526+07:00 DEBUG 42844 --- [http-nio-8080-exec-2] c.s.backend_api.security.JwtService      : Extracting username dari token
2026-07-03T01:00:39.537+07:00 DEBUG 42844 --- [http-nio-8080-exec-2] c.s.backend_api.security.JwtService      : Extracting JTI dari token
2026-07-03T01:00:39.580+07:00 DEBUG 42844 --- [http-nio-8080-exec-2] c.s.backend_api.security.JwtService      : Extracting username dari token
2026-07-03T01:00:39.584+07:00 DEBUG 42844 --- [http-nio-8080-exec-2] c.s.backend_api.security.JwtService      : Extracting expiration dari token
2026-07-03T01:00:39.588+07:00 DEBUG 42844 --- [http-nio-8080-exec-2] c.s.backend_api.security.JwtService      : Token valid untuk username: admin.risdiani
2026-07-03T01:00:39.588+07:00  INFO 42844 --- [http-nio-8080-exec-2] c.s.backend_api.security.JwtAuthFilter   : JWT authenticated: user=admin.risdiani, authorities=[ROLE_SUPERADMIN]
2026-07-03T01:00:39.592+07:00 DEBUG 42844 --- [http-nio-8080-exec-2] o.s.security.web.FilterChainProxy        : Secured GET /categories
2026-07-03T01:00:53.704+07:00 DEBUG 42844 --- [http-nio-8080-exec-1] o.s.security.web.FilterChainProxy        : Securing GET /products
2026-07-03T01:00:53.706+07:00  INFO 42844 --- [http-nio-8080-exec-1] c.s.backend_api.security.JwtAuthFilter   : JwtAuthFilter hit path=/products, hasAuthHeader=true, authPrefix=Bearer
2026-07-03T01:00:53.708+07:00 DEBUG 42844 --- [http-nio-8080-exec-1] c.s.backend_api.security.JwtService      : Extracting username dari token
2026-07-03T01:00:53.710+07:00 DEBUG 42844 --- [http-nio-8080-exec-3] o.s.security.web.FilterChainProxy        : Securing GET /categories
2026-07-03T01:00:53.710+07:00 DEBUG 42844 --- [http-nio-8080-exec-1] c.s.backend_api.security.JwtService      : Extracting JTI dari token
2026-07-03T01:00:53.716+07:00  INFO 42844 --- [http-nio-8080-exec-3] c.s.backend_api.security.JwtAuthFilter   : JwtAuthFilter hit path=/categories, hasAuthHeader=true, authPrefix=Bearer
2026-07-03T01:00:53.718+07:00 DEBUG 42844 --- [http-nio-8080-exec-3] c.s.backend_api.security.JwtService      : Extracting username dari token
2026-07-03T01:00:53.722+07:00 DEBUG 42844 --- [http-nio-8080-exec-3] c.s.backend_api.security.JwtService      : Extracting JTI dari token
2026-07-03T01:00:53.732+07:00 DEBUG 42844 --- [http-nio-8080-exec-1] c.s.backend_api.security.JwtService      : Extracting username dari token
2026-07-03T01:00:53.738+07:00 DEBUG 42844 --- [http-nio-8080-exec-1] c.s.backend_api.security.JwtService      : Extracting expiration dari token
2026-07-03T01:00:53.740+07:00 DEBUG 42844 --- [http-nio-8080-exec-1] c.s.backend_api.security.JwtService      : Token valid untuk username: admin.risdiani
2026-07-03T01:00:53.740+07:00  INFO 42844 --- [http-nio-8080-exec-1] c.s.backend_api.security.JwtAuthFilter   : JWT authenticated: user=admin.risdiani, authorities=[ROLE_SUPERADMIN]
2026-07-03T01:00:53.740+07:00 DEBUG 42844 --- [http-nio-8080-exec-3] c.s.backend_api.security.JwtService      : Extracting username dari token
2026-07-03T01:00:53.740+07:00 DEBUG 42844 --- [http-nio-8080-exec-1] o.s.security.web.FilterChainProxy        : Secured GET /products
2026-07-03T01:00:53.744+07:00 DEBUG 42844 --- [http-nio-8080-exec-3] c.s.backend_api.security.JwtService      : Extracting expiration dari token
2026-07-03T01:00:53.744+07:00  INFO 42844 --- [http-nio-8080-exec-1] c.s.b.service.product.ProductService     : ProductService.findAll - fetching all products
2026-07-03T01:00:53.744+07:00 DEBUG 42844 --- [http-nio-8080-exec-3] c.s.backend_api.security.JwtService      : Token valid untuk username: admin.risdiani
2026-07-03T01:00:53.748+07:00  INFO 42844 --- [http-nio-8080-exec-3] c.s.backend_api.security.JwtAuthFilter   : JWT authenticated: user=admin.risdiani, authorities=[ROLE_SUPERADMIN]
2026-07-03T01:00:53.751+07:00 DEBUG 42844 --- [http-nio-8080-exec-3] o.s.security.web.FilterChainProxy        : Secured GET /categories
2026-07-03T01:00:53.912+07:00  INFO 42844 --- [http-nio-8080-exec-1] c.s.b.service.product.ProductService     : ProductService.findAll - total=1049
2026-07-03T01:00:56.517+07:00 DEBUG 42844 --- [http-nio-8080-exec-4] o.s.security.web.FilterChainProxy        : Securing GET /categories
2026-07-03T01:00:56.517+07:00  INFO 42844 --- [http-nio-8080-exec-4] c.s.backend_api.security.JwtAuthFilter   : JwtAuthFilter hit path=/categories, hasAuthHeader=true, authPrefix=Bearer
2026-07-03T01:00:56.517+07:00 DEBUG 42844 --- [http-nio-8080-exec-4] c.s.backend_api.security.JwtService      : Extracting username dari token
2026-07-03T01:00:56.522+07:00 DEBUG 42844 --- [http-nio-8080-exec-4] c.s.backend_api.security.JwtService      : Extracting JTI dari token
2026-07-03T01:00:56.537+07:00 DEBUG 42844 --- [http-nio-8080-exec-4] c.s.backend_api.security.JwtService      : Extracting username dari token
2026-07-03T01:00:56.537+07:00 DEBUG 42844 --- [http-nio-8080-exec-4] c.s.backend_api.security.JwtService      : Extracting expiration dari token
2026-07-03T01:00:56.537+07:00 DEBUG 42844 --- [http-nio-8080-exec-4] c.s.backend_api.security.JwtService      : Token valid untuk username: admin.risdiani
2026-07-03T01:00:56.542+07:00  INFO 42844 --- [http-nio-8080-exec-4] c.s.backend_api.security.JwtAuthFilter   : JWT authenticated: user=admin.risdiani, authorities=[ROLE_SUPERADMIN]
2026-07-03T01:00:56.544+07:00 DEBUG 42844 --- [http-nio-8080-exec-4] o.s.security.web.FilterChainProxy        : Secured GET /categories
2026-07-03T01:01:01.287+07:00 DEBUG 42844 --- [http-nio-8080-exec-6] o.s.security.web.FilterChainProxy        : Securing GET /roles
2026-07-03T01:01:01.287+07:00 DEBUG 42844 --- [http-nio-8080-exec-5] o.s.security.web.FilterChainProxy        : Securing GET /users
2026-07-03T01:01:01.290+07:00  INFO 42844 --- [http-nio-8080-exec-5] c.s.backend_api.security.JwtAuthFilter   : JwtAuthFilter hit path=/users, hasAuthHeader=true, authPrefix=Bearer
2026-07-03T01:01:01.290+07:00  INFO 42844 --- [http-nio-8080-exec-6] c.s.backend_api.security.JwtAuthFilter   : JwtAuthFilter hit path=/roles, hasAuthHeader=true, authPrefix=Bearer
2026-07-03T01:01:01.290+07:00 DEBUG 42844 --- [http-nio-8080-exec-5] c.s.backend_api.security.JwtService      : Extracting username dari token
2026-07-03T01:01:01.290+07:00 DEBUG 42844 --- [http-nio-8080-exec-6] c.s.backend_api.security.JwtService      : Extracting username dari token
2026-07-03T01:01:01.290+07:00 DEBUG 42844 --- [http-nio-8080-exec-5] c.s.backend_api.security.JwtService      : Extracting JTI dari token
2026-07-03T01:01:01.290+07:00 DEBUG 42844 --- [http-nio-8080-exec-6] c.s.backend_api.security.JwtService      : Extracting JTI dari token
2026-07-03T01:01:01.314+07:00 DEBUG 42844 --- [http-nio-8080-exec-6] c.s.backend_api.security.JwtService      : Extracting username dari token
2026-07-03T01:01:01.314+07:00 DEBUG 42844 --- [http-nio-8080-exec-5] c.s.backend_api.security.JwtService      : Extracting username dari token
2026-07-03T01:01:01.317+07:00 DEBUG 42844 --- [http-nio-8080-exec-5] c.s.backend_api.security.JwtService      : Extracting expiration dari token
2026-07-03T01:01:01.317+07:00 DEBUG 42844 --- [http-nio-8080-exec-6] c.s.backend_api.security.JwtService      : Extracting expiration dari token
2026-07-03T01:01:01.324+07:00 DEBUG 42844 --- [http-nio-8080-exec-5] c.s.backend_api.security.JwtService      : Token valid untuk username: admin.risdiani
2026-07-03T01:01:01.324+07:00 DEBUG 42844 --- [http-nio-8080-exec-6] c.s.backend_api.security.JwtService      : Token valid untuk username: admin.risdiani
2026-07-03T01:01:01.324+07:00  INFO 42844 --- [http-nio-8080-exec-5] c.s.backend_api.security.JwtAuthFilter   : JWT authenticated: user=admin.risdiani, authorities=[ROLE_SUPERADMIN]
2026-07-03T01:01:01.324+07:00  INFO 42844 --- [http-nio-8080-exec-6] c.s.backend_api.security.JwtAuthFilter   : JWT authenticated: user=admin.risdiani, authorities=[ROLE_SUPERADMIN]
2026-07-03T01:01:01.326+07:00 DEBUG 42844 --- [http-nio-8080-exec-5] o.s.security.web.FilterChainProxy        : Secured GET /users
2026-07-03T01:01:01.326+07:00 DEBUG 42844 --- [http-nio-8080-exec-6] o.s.security.web.FilterChainProxy        : Secured GET /roles
2026-07-03T01:01:01.328+07:00  INFO 42844 --- [http-nio-8080-exec-6] c.s.b.service.role.RoleService           : RoleService.findAll - fetching all roles
2026-07-03T01:01:01.328+07:00  INFO 42844 --- [http-nio-8080-exec-5] c.s.b.service.user.UserService           : UserService.findAll - fetching all users
2026-07-03T01:01:01.344+07:00  INFO 42844 --- [http-nio-8080-exec-6] c.s.b.service.role.RoleService           : RoleService.findAll - total=2
2026-07-03T01:01:01.347+07:00  INFO 42844 --- [http-nio-8080-exec-5] c.s.b.service.user.UserService           : UserService.findAll - total=2
2026-07-03T01:01:03.887+07:00 DEBUG 42844 --- [http-nio-8080-exec-7] o.s.security.web.FilterChainProxy        : Securing GET /products
2026-07-03T01:01:03.891+07:00 DEBUG 42844 --- [http-nio-8080-exec-8] o.s.security.web.FilterChainProxy        : Securing GET /categories
2026-07-03T01:01:03.891+07:00  INFO 42844 --- [http-nio-8080-exec-7] c.s.backend_api.security.JwtAuthFilter   : JwtAuthFilter hit path=/products, hasAuthHeader=true, authPrefix=Bearer
2026-07-03T01:01:03.891+07:00 DEBUG 42844 --- [http-nio-8080-exec-7] c.s.backend_api.security.JwtService      : Extracting username dari token
2026-07-03T01:01:03.894+07:00  INFO 42844 --- [http-nio-8080-exec-8] c.s.backend_api.security.JwtAuthFilter   : JwtAuthFilter hit path=/categories, hasAuthHeader=true, authPrefix=Bearer
2026-07-03T01:01:03.894+07:00 DEBUG 42844 --- [http-nio-8080-exec-7] c.s.backend_api.security.JwtService      : Extracting JTI dari token
2026-07-03T01:01:03.894+07:00 DEBUG 42844 --- [http-nio-8080-exec-8] c.s.backend_api.security.JwtService      : Extracting username dari token
2026-07-03T01:01:03.898+07:00 DEBUG 42844 --- [http-nio-8080-exec-8] c.s.backend_api.security.JwtService      : Extracting JTI dari token
2026-07-03T01:01:03.914+07:00 DEBUG 42844 --- [http-nio-8080-exec-7] c.s.backend_api.security.JwtService      : Extracting username dari token
2026-07-03T01:01:03.919+07:00 DEBUG 42844 --- [http-nio-8080-exec-8] c.s.backend_api.security.JwtService      : Extracting username dari token
2026-07-03T01:01:03.921+07:00 DEBUG 42844 --- [http-nio-8080-exec-8] c.s.backend_api.security.JwtService      : Extracting expiration dari token
2026-07-03T01:01:03.921+07:00 DEBUG 42844 --- [http-nio-8080-exec-7] c.s.backend_api.security.JwtService      : Extracting expiration dari token
2026-07-03T01:01:03.926+07:00 DEBUG 42844 --- [http-nio-8080-exec-7] c.s.backend_api.security.JwtService      : Token valid untuk username: admin.risdiani
2026-07-03T01:01:03.926+07:00 DEBUG 42844 --- [http-nio-8080-exec-8] c.s.backend_api.security.JwtService      : Token valid untuk username: admin.risdiani
2026-07-03T01:01:03.926+07:00  INFO 42844 --- [http-nio-8080-exec-7] c.s.backend_api.security.JwtAuthFilter   : JWT authenticated: user=admin.risdiani, authorities=[ROLE_SUPERADMIN]
2026-07-03T01:01:03.926+07:00  INFO 42844 --- [http-nio-8080-exec-8] c.s.backend_api.security.JwtAuthFilter   : JWT authenticated: user=admin.risdiani, authorities=[ROLE_SUPERADMIN]
2026-07-03T01:01:03.928+07:00 DEBUG 42844 --- [http-nio-8080-exec-7] o.s.security.web.FilterChainProxy        : Secured GET /products
2026-07-03T01:01:03.928+07:00 DEBUG 42844 --- [http-nio-8080-exec-8] o.s.security.web.FilterChainProxy        : Secured GET /categories
2026-07-03T01:01:03.940+07:00  INFO 42844 --- [http-nio-8080-exec-7] c.s.b.service.product.ProductService     : ProductService.findAll - fetching all products
2026-07-03T01:01:04.089+07:00  INFO 42844 --- [http-nio-8080-exec-7] c.s.b.service.product.ProductService     : ProductService.findAll - total=1049
2026-07-03T01:01:04.974+07:00 DEBUG 42844 --- [http-nio-8080-exec-9] o.s.security.web.FilterChainProxy        : Securing GET /categories
2026-07-03T01:01:04.978+07:00  INFO 42844 --- [http-nio-8080-exec-9] c.s.backend_api.security.JwtAuthFilter   : JwtAuthFilter hit path=/categories, hasAuthHeader=true, authPrefix=Bearer
2026-07-03T01:01:04.978+07:00 DEBUG 42844 --- [http-nio-8080-exec-9] c.s.backend_api.security.JwtService      : Extracting username dari token
2026-07-03T01:01:04.978+07:00 DEBUG 42844 --- [http-nio-8080-exec-9] c.s.backend_api.security.JwtService      : Extracting JTI dari token
2026-07-03T01:01:04.997+07:00 DEBUG 42844 --- [http-nio-8080-exec-9] c.s.backend_api.security.JwtService      : Extracting username dari token
2026-07-03T01:01:05.001+07:00 DEBUG 42844 --- [http-nio-8080-exec-9] c.s.backend_api.security.JwtService      : Extracting expiration dari token
2026-07-03T01:01:05.004+07:00 DEBUG 42844 --- [http-nio-8080-exec-9] c.s.backend_api.security.JwtService      : Token valid untuk username: admin.risdiani
2026-07-03T01:01:05.007+07:00  INFO 42844 --- [http-nio-8080-exec-9] c.s.backend_api.security.JwtAuthFilter   : JWT authenticated: user=admin.risdiani, authorities=[ROLE_SUPERADMIN]
2026-07-03T01:01:05.008+07:00 DEBUG 42844 --- [http-nio-8080-exec-9] o.s.security.web.FilterChainProxy        : Secured GET /categories
2026-07-03T01:01:07.583+07:00 DEBUG 42844 --- [http-nio-8080-exec-10] o.s.security.web.FilterChainProxy        : Securing GET /users
2026-07-03T01:01:07.584+07:00 DEBUG 42844 --- [http-nio-8080-exec-2] o.s.security.web.FilterChainProxy        : Securing GET /roles
2026-07-03T01:01:07.584+07:00  INFO 42844 --- [http-nio-8080-exec-10] c.s.backend_api.security.JwtAuthFilter   : JwtAuthFilter hit path=/users, hasAuthHeader=true, authPrefix=Bearer
2026-07-03T01:01:07.587+07:00 DEBUG 42844 --- [http-nio-8080-exec-10] c.s.backend_api.security.JwtService      : Extracting username dari token
2026-07-03T01:01:07.587+07:00  INFO 42844 --- [http-nio-8080-exec-2] c.s.backend_api.security.JwtAuthFilter   : JwtAuthFilter hit path=/roles, hasAuthHeader=true, authPrefix=Bearer
2026-07-03T01:01:07.587+07:00 DEBUG 42844 --- [http-nio-8080-exec-2] c.s.backend_api.security.JwtService      : Extracting username dari token
2026-07-03T01:01:07.590+07:00 DEBUG 42844 --- [http-nio-8080-exec-2] c.s.backend_api.security.JwtService      : Extracting JTI dari token
2026-07-03T01:01:07.590+07:00 DEBUG 42844 --- [http-nio-8080-exec-10] c.s.backend_api.security.JwtService      : Extracting JTI dari token
2026-07-03T01:01:07.609+07:00 DEBUG 42844 --- [http-nio-8080-exec-2] c.s.backend_api.security.JwtService      : Extracting username dari token
2026-07-03T01:01:07.611+07:00 DEBUG 42844 --- [http-nio-8080-exec-10] c.s.backend_api.security.JwtService      : Extracting username dari token
2026-07-03T01:01:07.611+07:00 DEBUG 42844 --- [http-nio-8080-exec-2] c.s.backend_api.security.JwtService      : Extracting expiration dari token
2026-07-03T01:01:07.611+07:00 DEBUG 42844 --- [http-nio-8080-exec-10] c.s.backend_api.security.JwtService      : Extracting expiration dari token
2026-07-03T01:01:07.614+07:00 DEBUG 42844 --- [http-nio-8080-exec-2] c.s.backend_api.security.JwtService      : Token valid untuk username: admin.risdiani
2026-07-03T01:01:07.614+07:00 DEBUG 42844 --- [http-nio-8080-exec-10] c.s.backend_api.security.JwtService      : Token valid untuk username: admin.risdiani
2026-07-03T01:01:07.614+07:00  INFO 42844 --- [http-nio-8080-exec-2] c.s.backend_api.security.JwtAuthFilter   : JWT authenticated: user=admin.risdiani, authorities=[ROLE_SUPERADMIN]
2026-07-03T01:01:07.615+07:00  INFO 42844 --- [http-nio-8080-exec-10] c.s.backend_api.security.JwtAuthFilter   : JWT authenticated: user=admin.risdiani, authorities=[ROLE_SUPERADMIN]
2026-07-03T01:01:07.615+07:00 DEBUG 42844 --- [http-nio-8080-exec-2] o.s.security.web.FilterChainProxy        : Secured GET /roles
2026-07-03T01:01:07.615+07:00 DEBUG 42844 --- [http-nio-8080-exec-10] o.s.security.web.FilterChainProxy        : Secured GET /users
2026-07-03T01:01:07.621+07:00  INFO 42844 --- [http-nio-8080-exec-10] c.s.b.service.user.UserService           : UserService.findAll - fetching all users
2026-07-03T01:01:07.621+07:00  INFO 42844 --- [http-nio-8080-exec-2] c.s.b.service.role.RoleService           : RoleService.findAll - fetching all roles
2026-07-03T01:01:07.634+07:00  INFO 42844 --- [http-nio-8080-exec-2] c.s.b.service.role.RoleService           : RoleService.findAll - total=2
2026-07-03T01:01:07.641+07:00  INFO 42844 --- [http-nio-8080-exec-10] c.s.b.service.user.UserService           : UserService.findAll - total=2
2026-07-03T01:04:25.493+07:00 DEBUG 42844 --- [http-nio-8080-exec-4] o.s.security.web.FilterChainProxy        : Securing GET /users/4
2026-07-03T01:04:25.496+07:00  INFO 42844 --- [http-nio-8080-exec-4] c.s.backend_api.security.JwtAuthFilter   : JwtAuthFilter hit path=/users/4, hasAuthHeader=true, authPrefix=Bearer
2026-07-03T01:04:25.496+07:00 DEBUG 42844 --- [http-nio-8080-exec-4] c.s.backend_api.security.JwtService      : Extracting username dari token
2026-07-03T01:04:25.500+07:00 DEBUG 42844 --- [http-nio-8080-exec-4] c.s.backend_api.security.JwtService      : Extracting JTI dari token
2026-07-03T01:04:25.532+07:00 DEBUG 42844 --- [http-nio-8080-exec-4] c.s.backend_api.security.JwtService      : Extracting username dari token
2026-07-03T01:04:25.534+07:00 DEBUG 42844 --- [http-nio-8080-exec-4] c.s.backend_api.security.JwtService      : Extracting expiration dari token
2026-07-03T01:04:25.539+07:00 DEBUG 42844 --- [http-nio-8080-exec-4] c.s.backend_api.security.JwtService      : Token valid untuk username: admin.risdiani
2026-07-03T01:04:25.544+07:00  INFO 42844 --- [http-nio-8080-exec-4] c.s.backend_api.security.JwtAuthFilter   : JWT authenticated: user=admin.risdiani, authorities=[ROLE_SUPERADMIN]
2026-07-03T01:04:25.546+07:00 DEBUG 42844 --- [http-nio-8080-exec-4] o.s.security.web.FilterChainProxy        : Secured GET /users/4
2026-07-03T01:04:25.557+07:00  INFO 42844 --- [http-nio-8080-exec-4] c.s.b.service.user.UserService           : UserService.findById - id=4
2026-07-03T01:04:25.570+07:00  INFO 42844 --- [http-nio-8080-exec-4] c.s.b.service.user.UserService           : UserService.findById - found username=admin.risdiani
2026-07-03T01:05:22.485+07:00 DEBUG 42844 --- [http-nio-8080-exec-6] o.s.security.web.FilterChainProxy        : Securing GET /users/4
2026-07-03T01:05:22.487+07:00  INFO 42844 --- [http-nio-8080-exec-6] c.s.backend_api.security.JwtAuthFilter   : JwtAuthFilter hit path=/users/4, hasAuthHeader=true, authPrefix=Bearer
2026-07-03T01:05:22.487+07:00 DEBUG 42844 --- [http-nio-8080-exec-6] c.s.backend_api.security.JwtService      : Extracting username dari token
2026-07-03T01:05:22.488+07:00 DEBUG 42844 --- [http-nio-8080-exec-6] c.s.backend_api.security.JwtService      : Extracting JTI dari token
2026-07-03T01:05:22.502+07:00 DEBUG 42844 --- [http-nio-8080-exec-6] c.s.backend_api.security.JwtService      : Extracting username dari token
2026-07-03T01:05:22.502+07:00 DEBUG 42844 --- [http-nio-8080-exec-6] c.s.backend_api.security.JwtService      : Extracting expiration dari token
2026-07-03T01:05:22.502+07:00 DEBUG 42844 --- [http-nio-8080-exec-6] c.s.backend_api.security.JwtService      : Token valid untuk username: admin.risdiani
2026-07-03T01:05:22.502+07:00  INFO 42844 --- [http-nio-8080-exec-6] c.s.backend_api.security.JwtAuthFilter   : JWT authenticated: user=admin.risdiani, authorities=[ROLE_SUPERADMIN]
2026-07-03T01:05:22.502+07:00 DEBUG 42844 --- [http-nio-8080-exec-6] o.s.security.web.FilterChainProxy        : Secured GET /users/4
2026-07-03T01:05:22.510+07:00  INFO 42844 --- [http-nio-8080-exec-6] c.s.b.service.user.UserService           : UserService.findById - id=4
2026-07-03T01:05:22.518+07:00  INFO 42844 --- [http-nio-8080-exec-6] c.s.b.service.user.UserService           : UserService.findById - found username=admin.risdiani
2026-07-03T01:09:03.147+07:00 DEBUG 42844 --- [http-nio-8080-exec-8] o.s.security.web.FilterChainProxy        : Securing GET /products
2026-07-03T01:09:03.147+07:00  INFO 42844 --- [http-nio-8080-exec-8] c.s.backend_api.security.JwtAuthFilter   : JwtAuthFilter hit path=/products, hasAuthHeader=true, authPrefix=Bearer
2026-07-03T01:09:03.151+07:00 DEBUG 42844 --- [http-nio-8080-exec-8] c.s.backend_api.security.JwtService      : Extracting username dari token
2026-07-03T01:09:03.153+07:00 DEBUG 42844 --- [http-nio-8080-exec-8] c.s.backend_api.security.JwtService      : Extracting JTI dari token
2026-07-03T01:09:03.181+07:00 DEBUG 42844 --- [http-nio-8080-exec-8] c.s.backend_api.security.JwtService      : Extracting username dari token
2026-07-03T01:09:03.186+07:00 DEBUG 42844 --- [http-nio-8080-exec-8] c.s.backend_api.security.JwtService      : Extracting expiration dari token
2026-07-03T01:09:03.188+07:00 DEBUG 42844 --- [http-nio-8080-exec-8] c.s.backend_api.security.JwtService      : Token valid untuk username: admin.risdiani
2026-07-03T01:09:03.188+07:00  INFO 42844 --- [http-nio-8080-exec-8] c.s.backend_api.security.JwtAuthFilter   : JWT authenticated: user=admin.risdiani, authorities=[ROLE_SUPERADMIN]
2026-07-03T01:09:03.190+07:00 DEBUG 42844 --- [http-nio-8080-exec-8] o.s.security.web.FilterChainProxy        : Secured GET /products
2026-07-03T01:09:03.196+07:00  INFO 42844 --- [http-nio-8080-exec-8] c.s.b.service.product.ProductService     : ProductService.findAll - fetching all products
2026-07-03T01:09:03.347+07:00  INFO 42844 --- [http-nio-8080-exec-8] c.s.b.service.product.ProductService     : ProductService.findAll - total=1049
2026-07-03T01:09:07.236+07:00 DEBUG 42844 --- [http-nio-8080-exec-7] o.s.security.web.FilterChainProxy        : Securing GET /products
2026-07-03T01:09:07.239+07:00  INFO 42844 --- [http-nio-8080-exec-7] c.s.backend_api.security.JwtAuthFilter   : JwtAuthFilter hit path=/products, hasAuthHeader=true, authPrefix=Bearer
2026-07-03T01:09:07.241+07:00 DEBUG 42844 --- [http-nio-8080-exec-7] c.s.backend_api.security.JwtService      : Extracting username dari token
2026-07-03T01:09:07.241+07:00 DEBUG 42844 --- [http-nio-8080-exec-7] c.s.backend_api.security.JwtService      : Extracting JTI dari token
2026-07-03T01:09:07.268+07:00 DEBUG 42844 --- [http-nio-8080-exec-7] c.s.backend_api.security.JwtService      : Extracting username dari token
2026-07-03T01:09:07.274+07:00 DEBUG 42844 --- [http-nio-8080-exec-7] c.s.backend_api.security.JwtService      : Extracting expiration dari token
2026-07-03T01:09:07.276+07:00 DEBUG 42844 --- [http-nio-8080-exec-7] c.s.backend_api.security.JwtService      : Token valid untuk username: admin.risdiani
2026-07-03T01:09:07.276+07:00  INFO 42844 --- [http-nio-8080-exec-7] c.s.backend_api.security.JwtAuthFilter   : JWT authenticated: user=admin.risdiani, authorities=[ROLE_SUPERADMIN]
2026-07-03T01:09:07.276+07:00 DEBUG 42844 --- [http-nio-8080-exec-7] o.s.security.web.FilterChainProxy        : Secured GET /products
2026-07-03T01:09:07.280+07:00  INFO 42844 --- [http-nio-8080-exec-7] c.s.b.service.product.ProductService     : ProductService.findAll - fetching all products
2026-07-03T01:09:07.390+07:00  INFO 42844 --- [http-nio-8080-exec-7] c.s.b.service.product.ProductService     : ProductService.findAll - total=1049
2026-07-03T01:17:22.308+07:00 DEBUG 42844 --- [http-nio-8080-exec-2] o.s.security.web.FilterChainProxy        : Securing OPTIONS /transactions/create
2026-07-03T01:17:22.323+07:00 DEBUG 42844 --- [http-nio-8080-exec-10] o.s.security.web.FilterChainProxy        : Securing POST /transactions/create
2026-07-03T01:17:22.325+07:00  INFO 42844 --- [http-nio-8080-exec-10] c.s.backend_api.security.JwtAuthFilter   : JwtAuthFilter hit path=/transactions/create, hasAuthHeader=true, authPrefix=Bearer
2026-07-03T01:17:22.329+07:00 DEBUG 42844 --- [http-nio-8080-exec-10] c.s.backend_api.security.JwtService      : Extracting username dari token
2026-07-03T01:17:22.331+07:00 DEBUG 42844 --- [http-nio-8080-exec-10] c.s.backend_api.security.JwtService      : Extracting JTI dari token
2026-07-03T01:17:22.365+07:00 DEBUG 42844 --- [http-nio-8080-exec-10] c.s.backend_api.security.JwtService      : Extracting username dari token
2026-07-03T01:17:22.367+07:00 DEBUG 42844 --- [http-nio-8080-exec-10] c.s.backend_api.security.JwtService      : Extracting expiration dari token
2026-07-03T01:17:22.371+07:00 DEBUG 42844 --- [http-nio-8080-exec-10] c.s.backend_api.security.JwtService      : Token valid untuk username: admin.risdiani
2026-07-03T01:17:22.373+07:00  INFO 42844 --- [http-nio-8080-exec-10] c.s.backend_api.security.JwtAuthFilter   : JWT authenticated: user=admin.risdiani, authorities=[ROLE_SUPERADMIN]
2026-07-03T01:17:22.375+07:00 DEBUG 42844 --- [http-nio-8080-exec-10] o.s.security.web.FilterChainProxy        : Secured POST /transactions/create
2026-07-03T01:18:24.924+07:00 DEBUG 42844 --- [http-nio-8080-exec-3] o.s.security.web.FilterChainProxy        : Securing OPTIONS /products
2026-07-03T01:18:25.070+07:00 DEBUG 42844 --- [http-nio-8080-exec-4] o.s.security.web.FilterChainProxy        : Securing GET /products
2026-07-03T01:18:25.077+07:00  INFO 42844 --- [http-nio-8080-exec-4] c.s.backend_api.security.JwtAuthFilter   : JwtAuthFilter hit path=/products, hasAuthHeader=true, authPrefix=Bearer
2026-07-03T01:18:25.080+07:00 DEBUG 42844 --- [http-nio-8080-exec-4] c.s.backend_api.security.JwtService      : Extracting username dari token
2026-07-03T01:18:25.136+07:00 DEBUG 42844 --- [http-nio-8080-exec-4] c.s.backend_api.security.JwtService      : Extracting JTI dari token
2026-07-03T01:18:25.266+07:00 DEBUG 42844 --- [http-nio-8080-exec-4] c.s.backend_api.security.JwtService      : Extracting username dari token
2026-07-03T01:18:25.300+07:00 DEBUG 42844 --- [http-nio-8080-exec-4] c.s.backend_api.security.JwtService      : Extracting expiration dari token
2026-07-03T01:18:25.312+07:00 DEBUG 42844 --- [http-nio-8080-exec-4] c.s.backend_api.security.JwtService      : Token valid untuk username: admin.risdiani
2026-07-03T01:18:25.320+07:00  INFO 42844 --- [http-nio-8080-exec-4] c.s.backend_api.security.JwtAuthFilter   : JWT authenticated: user=admin.risdiani, authorities=[ROLE_SUPERADMIN]
2026-07-03T01:18:25.324+07:00 DEBUG 42844 --- [http-nio-8080-exec-4] o.s.security.web.FilterChainProxy        : Secured GET /products
2026-07-03T01:18:25.336+07:00  INFO 42844 --- [http-nio-8080-exec-4] c.s.b.service.product.ProductService     : ProductService.findAll - fetching all products
2026-07-03T01:18:26.047+07:00  INFO 42844 --- [http-nio-8080-exec-4] c.s.b.service.product.ProductService     : ProductService.findAll - total=1049
2026-07-03T01:18:37.428+07:00 DEBUG 42844 --- [http-nio-8080-exec-6] o.s.security.web.FilterChainProxy        : Securing GET /products
2026-07-03T01:18:37.431+07:00  INFO 42844 --- [http-nio-8080-exec-6] c.s.backend_api.security.JwtAuthFilter   : JwtAuthFilter hit path=/products, hasAuthHeader=true, authPrefix=Bearer
2026-07-03T01:18:37.431+07:00 DEBUG 42844 --- [http-nio-8080-exec-6] c.s.backend_api.security.JwtService      : Extracting username dari token
2026-07-03T01:18:37.432+07:00 DEBUG 42844 --- [http-nio-8080-exec-6] c.s.backend_api.security.JwtService      : Extracting JTI dari token
2026-07-03T01:18:37.450+07:00 DEBUG 42844 --- [http-nio-8080-exec-6] c.s.backend_api.security.JwtService      : Extracting username dari token
2026-07-03T01:18:37.452+07:00 DEBUG 42844 --- [http-nio-8080-exec-6] c.s.backend_api.security.JwtService      : Extracting expiration dari token
2026-07-03T01:18:37.453+07:00 DEBUG 42844 --- [http-nio-8080-exec-6] c.s.backend_api.security.JwtService      : Token valid untuk username: admin.risdiani
2026-07-03T01:18:37.454+07:00  INFO 42844 --- [http-nio-8080-exec-6] c.s.backend_api.security.JwtAuthFilter   : JWT authenticated: user=admin.risdiani, authorities=[ROLE_SUPERADMIN]
2026-07-03T01:18:37.455+07:00 DEBUG 42844 --- [http-nio-8080-exec-6] o.s.security.web.FilterChainProxy        : Secured GET /products
2026-07-03T01:18:37.464+07:00  INFO 42844 --- [http-nio-8080-exec-6] c.s.b.service.product.ProductService     : ProductService.findAll - fetching all products
2026-07-03T01:18:37.538+07:00  INFO 42844 --- [http-nio-8080-exec-6] c.s.b.service.product.ProductService     : ProductService.findAll - total=1049
2026-07-03T01:20:06.551+07:00 DEBUG 42844 --- [http-nio-8080-exec-8] o.s.security.web.FilterChainProxy        : Securing OPTIONS /users/4
2026-07-03T01:20:06.561+07:00 DEBUG 42844 --- [http-nio-8080-exec-7] o.s.security.web.FilterChainProxy        : Securing GET /users/4
2026-07-03T01:20:06.562+07:00  INFO 42844 --- [http-nio-8080-exec-7] c.s.backend_api.security.JwtAuthFilter   : JwtAuthFilter hit path=/users/4, hasAuthHeader=true, authPrefix=Bearer
2026-07-03T01:20:06.565+07:00 DEBUG 42844 --- [http-nio-8080-exec-7] c.s.backend_api.security.JwtService      : Extracting username dari token
2026-07-03T01:20:06.569+07:00 DEBUG 42844 --- [http-nio-8080-exec-7] c.s.backend_api.security.JwtService      : Extracting JTI dari token
2026-07-03T01:20:06.578+07:00 DEBUG 42844 --- [http-nio-8080-exec-7] c.s.backend_api.security.JwtService      : Extracting username dari token
2026-07-03T01:20:06.580+07:00 DEBUG 42844 --- [http-nio-8080-exec-7] c.s.backend_api.security.JwtService      : Extracting expiration dari token
2026-07-03T01:20:06.582+07:00 DEBUG 42844 --- [http-nio-8080-exec-7] c.s.backend_api.security.JwtService      : Token valid untuk username: admin.risdiani
2026-07-03T01:20:06.583+07:00  INFO 42844 --- [http-nio-8080-exec-7] c.s.backend_api.security.JwtAuthFilter   : JWT authenticated: user=admin.risdiani, authorities=[ROLE_SUPERADMIN]
2026-07-03T01:20:06.584+07:00 DEBUG 42844 --- [http-nio-8080-exec-7] o.s.security.web.FilterChainProxy        : Secured GET /users/4
2026-07-03T01:20:06.587+07:00  INFO 42844 --- [http-nio-8080-exec-7] c.s.b.service.user.UserService           : UserService.findById - id=4
2026-07-03T01:20:06.595+07:00  INFO 42844 --- [http-nio-8080-exec-7] c.s.b.service.user.UserService           : UserService.findById - found username=admin.risdiani
2026-07-03T01:21:05.335+07:00 DEBUG 42844 --- [http-nio-8080-exec-9] o.s.security.web.FilterChainProxy        : Securing GET /users/4
2026-07-03T01:21:05.337+07:00  INFO 42844 --- [http-nio-8080-exec-9] c.s.backend_api.security.JwtAuthFilter   : JwtAuthFilter hit path=/users/4, hasAuthHeader=true, authPrefix=Bearer
2026-07-03T01:21:05.340+07:00 DEBUG 42844 --- [http-nio-8080-exec-9] c.s.backend_api.security.JwtService      : Extracting username dari token
2026-07-03T01:21:05.341+07:00 DEBUG 42844 --- [http-nio-8080-exec-9] c.s.backend_api.security.JwtService      : Extracting JTI dari token
2026-07-03T01:21:05.369+07:00 DEBUG 42844 --- [http-nio-8080-exec-9] c.s.backend_api.security.JwtService      : Extracting username dari token
2026-07-03T01:21:05.370+07:00 DEBUG 42844 --- [http-nio-8080-exec-9] c.s.backend_api.security.JwtService      : Extracting expiration dari token
2026-07-03T01:21:05.375+07:00 DEBUG 42844 --- [http-nio-8080-exec-9] c.s.backend_api.security.JwtService      : Token valid untuk username: admin.risdiani
2026-07-03T01:21:05.378+07:00  INFO 42844 --- [http-nio-8080-exec-9] c.s.backend_api.security.JwtAuthFilter   : JWT authenticated: user=admin.risdiani, authorities=[ROLE_SUPERADMIN]
2026-07-03T01:21:05.380+07:00 DEBUG 42844 --- [http-nio-8080-exec-9] o.s.security.web.FilterChainProxy        : Secured GET /users/4
2026-07-03T01:21:05.385+07:00  INFO 42844 --- [http-nio-8080-exec-9] c.s.b.service.user.UserService           : UserService.findById - id=4
2026-07-03T01:21:05.394+07:00  INFO 42844 --- [http-nio-8080-exec-9] c.s.b.service.user.UserService           : UserService.findById - found username=admin.risdiani
2026-07-03T01:21:42.687+07:00 DEBUG 42844 --- [http-nio-8080-exec-2] o.s.security.web.FilterChainProxy        : Securing OPTIONS /transactions
2026-07-03T01:21:42.699+07:00 DEBUG 42844 --- [http-nio-8080-exec-10] o.s.security.web.FilterChainProxy        : Securing GET /transactions
2026-07-03T01:21:42.701+07:00  INFO 42844 --- [http-nio-8080-exec-10] c.s.backend_api.security.JwtAuthFilter   : JwtAuthFilter hit path=/transactions, hasAuthHeader=true, authPrefix=Bearer
2026-07-03T01:21:42.701+07:00 DEBUG 42844 --- [http-nio-8080-exec-10] c.s.backend_api.security.JwtService      : Extracting username dari token
2026-07-03T01:21:42.702+07:00 DEBUG 42844 --- [http-nio-8080-exec-10] c.s.backend_api.security.JwtService      : Extracting JTI dari token
2026-07-03T01:21:42.716+07:00 DEBUG 42844 --- [http-nio-8080-exec-10] c.s.backend_api.security.JwtService      : Extracting username dari token
2026-07-03T01:21:42.718+07:00 DEBUG 42844 --- [http-nio-8080-exec-10] c.s.backend_api.security.JwtService      : Extracting expiration dari token
2026-07-03T01:21:42.719+07:00 DEBUG 42844 --- [http-nio-8080-exec-10] c.s.backend_api.security.JwtService      : Token valid untuk username: admin.risdiani
2026-07-03T01:21:42.720+07:00  INFO 42844 --- [http-nio-8080-exec-10] c.s.backend_api.security.JwtAuthFilter   : JWT authenticated: user=admin.risdiani, authorities=[ROLE_SUPERADMIN]
2026-07-03T01:21:42.720+07:00 DEBUG 42844 --- [http-nio-8080-exec-10] o.s.security.web.FilterChainProxy        : Secured GET /transactions
2026-07-03T01:25:08.639+07:00 DEBUG 42844 --- [http-nio-8080-exec-3] o.s.security.web.FilterChainProxy        : Securing GET /transactions
2026-07-03T01:25:08.640+07:00  INFO 42844 --- [http-nio-8080-exec-3] c.s.backend_api.security.JwtAuthFilter   : JwtAuthFilter hit path=/transactions, hasAuthHeader=true, authPrefix=Bearer
2026-07-03T01:25:08.641+07:00 DEBUG 42844 --- [http-nio-8080-exec-3] c.s.backend_api.security.JwtService      : Extracting username dari token
2026-07-03T01:25:08.644+07:00 DEBUG 42844 --- [http-nio-8080-exec-3] c.s.backend_api.security.JwtService      : Extracting JTI dari token
2026-07-03T01:25:08.665+07:00 DEBUG 42844 --- [http-nio-8080-exec-3] c.s.backend_api.security.JwtService      : Extracting username dari token
2026-07-03T01:25:08.667+07:00 DEBUG 42844 --- [http-nio-8080-exec-3] c.s.backend_api.security.JwtService      : Extracting expiration dari token
2026-07-03T01:25:08.668+07:00 DEBUG 42844 --- [http-nio-8080-exec-3] c.s.backend_api.security.JwtService      : Token valid untuk username: admin.risdiani
2026-07-03T01:25:08.669+07:00  INFO 42844 --- [http-nio-8080-exec-3] c.s.backend_api.security.JwtAuthFilter   : JWT authenticated: user=admin.risdiani, authorities=[ROLE_SUPERADMIN]
2026-07-03T01:25:08.669+07:00 DEBUG 42844 --- [http-nio-8080-exec-3] o.s.security.web.FilterChainProxy        : Secured GET /transactions
2026-07-03T01:25:22.054+07:00 DEBUG 42844 --- [http-nio-8080-exec-4] o.s.security.web.FilterChainProxy        : Securing GET /transactions
2026-07-03T01:25:22.056+07:00  INFO 42844 --- [http-nio-8080-exec-4] c.s.backend_api.security.JwtAuthFilter   : JwtAuthFilter hit path=/transactions, hasAuthHeader=true, authPrefix=Bearer
2026-07-03T01:25:22.057+07:00 DEBUG 42844 --- [http-nio-8080-exec-4] c.s.backend_api.security.JwtService      : Extracting username dari token
2026-07-03T01:25:22.058+07:00 DEBUG 42844 --- [http-nio-8080-exec-4] c.s.backend_api.security.JwtService      : Extracting JTI dari token
2026-07-03T01:25:22.070+07:00 DEBUG 42844 --- [http-nio-8080-exec-4] c.s.backend_api.security.JwtService      : Extracting username dari token
2026-07-03T01:25:22.072+07:00 DEBUG 42844 --- [http-nio-8080-exec-4] c.s.backend_api.security.JwtService      : Extracting expiration dari token
2026-07-03T01:25:22.075+07:00 DEBUG 42844 --- [http-nio-8080-exec-4] c.s.backend_api.security.JwtService      : Token valid untuk username: admin.risdiani
2026-07-03T01:25:22.075+07:00  INFO 42844 --- [http-nio-8080-exec-4] c.s.backend_api.security.JwtAuthFilter   : JWT authenticated: user=admin.risdiani, authorities=[ROLE_SUPERADMIN]
2026-07-03T01:25:22.078+07:00 DEBUG 42844 --- [http-nio-8080-exec-4] o.s.security.web.FilterChainProxy        : Secured GET /transactions
2026-07-03T01:25:32.596+07:00 DEBUG 42844 --- [http-nio-8080-exec-6] o.s.security.web.FilterChainProxy        : Securing GET /transactions
2026-07-03T01:25:32.599+07:00  INFO 42844 --- [http-nio-8080-exec-6] c.s.backend_api.security.JwtAuthFilter   : JwtAuthFilter hit path=/transactions, hasAuthHeader=true, authPrefix=Bearer
2026-07-03T01:25:32.599+07:00 DEBUG 42844 --- [http-nio-8080-exec-6] c.s.backend_api.security.JwtService      : Extracting username dari token
2026-07-03T01:25:32.601+07:00 DEBUG 42844 --- [http-nio-8080-exec-6] c.s.backend_api.security.JwtService      : Extracting JTI dari token
2026-07-03T01:25:32.613+07:00 DEBUG 42844 --- [http-nio-8080-exec-6] c.s.backend_api.security.JwtService      : Extracting username dari token
2026-07-03T01:25:32.615+07:00 DEBUG 42844 --- [http-nio-8080-exec-6] c.s.backend_api.security.JwtService      : Extracting expiration dari token
2026-07-03T01:25:32.618+07:00 DEBUG 42844 --- [http-nio-8080-exec-6] c.s.backend_api.security.JwtService      : Token valid untuk username: admin.risdiani
2026-07-03T01:25:32.621+07:00  INFO 42844 --- [http-nio-8080-exec-6] c.s.backend_api.security.JwtAuthFilter   : JWT authenticated: user=admin.risdiani, authorities=[ROLE_SUPERADMIN]
2026-07-03T01:25:32.625+07:00 DEBUG 42844 --- [http-nio-8080-exec-6] o.s.security.web.FilterChainProxy        : Secured GET /transactions
2026-07-03T01:25:53.434+07:00 DEBUG 42844 --- [http-nio-8080-exec-5] o.s.security.web.FilterChainProxy        : Securing GET /products
2026-07-03T01:25:53.436+07:00  INFO 42844 --- [http-nio-8080-exec-5] c.s.backend_api.security.JwtAuthFilter   : JwtAuthFilter hit path=/products, hasAuthHeader=true, authPrefix=Bearer
2026-07-03T01:25:53.438+07:00 DEBUG 42844 --- [http-nio-8080-exec-5] c.s.backend_api.security.JwtService      : Extracting username dari token
2026-07-03T01:25:53.441+07:00 DEBUG 42844 --- [http-nio-8080-exec-5] c.s.backend_api.security.JwtService      : Extracting JTI dari token
2026-07-03T01:25:53.461+07:00 DEBUG 42844 --- [http-nio-8080-exec-5] c.s.backend_api.security.JwtService      : Extracting username dari token
2026-07-03T01:25:53.463+07:00 DEBUG 42844 --- [http-nio-8080-exec-5] c.s.backend_api.security.JwtService      : Extracting expiration dari token
2026-07-03T01:25:53.464+07:00 DEBUG 42844 --- [http-nio-8080-exec-5] c.s.backend_api.security.JwtService      : Token valid untuk username: admin.risdiani
2026-07-03T01:25:53.465+07:00  INFO 42844 --- [http-nio-8080-exec-5] c.s.backend_api.security.JwtAuthFilter   : JWT authenticated: user=admin.risdiani, authorities=[ROLE_SUPERADMIN]
2026-07-03T01:25:53.465+07:00 DEBUG 42844 --- [http-nio-8080-exec-5] o.s.security.web.FilterChainProxy        : Secured GET /products
2026-07-03T01:25:53.467+07:00  INFO 42844 --- [http-nio-8080-exec-5] c.s.b.service.product.ProductService     : ProductService.findAll - fetching all products
2026-07-03T01:25:53.505+07:00  INFO 42844 --- [http-nio-8080-exec-5] c.s.b.service.product.ProductService     : ProductService.findAll - total=1049
2026-07-03T01:25:55.061+07:00 DEBUG 42844 --- [http-nio-8080-exec-8] o.s.security.web.FilterChainProxy        : Securing GET /transactions
2026-07-03T01:25:55.061+07:00  INFO 42844 --- [http-nio-8080-exec-8] c.s.backend_api.security.JwtAuthFilter   : JwtAuthFilter hit path=/transactions, hasAuthHeader=true, authPrefix=Bearer
2026-07-03T01:25:55.062+07:00 DEBUG 42844 --- [http-nio-8080-exec-8] c.s.backend_api.security.JwtService      : Extracting username dari token
2026-07-03T01:25:55.064+07:00 DEBUG 42844 --- [http-nio-8080-exec-8] c.s.backend_api.security.JwtService      : Extracting JTI dari token
2026-07-03T01:25:55.076+07:00 DEBUG 42844 --- [http-nio-8080-exec-8] c.s.backend_api.security.JwtService      : Extracting username dari token
2026-07-03T01:25:55.078+07:00 DEBUG 42844 --- [http-nio-8080-exec-8] c.s.backend_api.security.JwtService      : Extracting expiration dari token
2026-07-03T01:25:55.078+07:00 DEBUG 42844 --- [http-nio-8080-exec-8] c.s.backend_api.security.JwtService      : Token valid untuk username: admin.risdiani
2026-07-03T01:25:55.078+07:00  INFO 42844 --- [http-nio-8080-exec-8] c.s.backend_api.security.JwtAuthFilter   : JWT authenticated: user=admin.risdiani, authorities=[ROLE_SUPERADMIN]
2026-07-03T01:25:55.078+07:00 DEBUG 42844 --- [http-nio-8080-exec-8] o.s.security.web.FilterChainProxy        : Secured GET /transactions
2026-07-03T01:29:20.615+07:00 DEBUG 42844 --- [http-nio-8080-exec-9] o.s.security.web.FilterChainProxy        : Securing GET /transactions
2026-07-03T01:29:20.615+07:00  INFO 42844 --- [http-nio-8080-exec-9] c.s.backend_api.security.JwtAuthFilter   : JwtAuthFilter hit path=/transactions, hasAuthHeader=true, authPrefix=Bearer
2026-07-03T01:29:20.617+07:00 DEBUG 42844 --- [http-nio-8080-exec-9] c.s.backend_api.security.JwtService      : Extracting username dari token
2026-07-03T01:29:20.618+07:00 DEBUG 42844 --- [http-nio-8080-exec-9] c.s.backend_api.security.JwtService      : Extracting JTI dari token
2026-07-03T01:29:20.637+07:00 DEBUG 42844 --- [http-nio-8080-exec-9] c.s.backend_api.security.JwtService      : Extracting username dari token
2026-07-03T01:29:20.638+07:00 DEBUG 42844 --- [http-nio-8080-exec-9] c.s.backend_api.security.JwtService      : Extracting expiration dari token
2026-07-03T01:29:20.639+07:00 DEBUG 42844 --- [http-nio-8080-exec-9] c.s.backend_api.security.JwtService      : Token valid untuk username: admin.risdiani
2026-07-03T01:29:20.639+07:00  INFO 42844 --- [http-nio-8080-exec-9] c.s.backend_api.security.JwtAuthFilter   : JWT authenticated: user=admin.risdiani, authorities=[ROLE_SUPERADMIN]
2026-07-03T01:29:20.640+07:00 DEBUG 42844 --- [http-nio-8080-exec-9] o.s.security.web.FilterChainProxy        : Secured GET /transactions
2026-07-03T01:34:29.473+07:00 DEBUG 42844 --- [http-nio-8080-exec-10] o.s.security.web.FilterChainProxy        : Securing GET /users/4
2026-07-03T01:34:29.474+07:00  INFO 42844 --- [http-nio-8080-exec-10] c.s.backend_api.security.JwtAuthFilter   : JwtAuthFilter hit path=/users/4, hasAuthHeader=true, authPrefix=Bearer
2026-07-03T01:34:29.474+07:00 DEBUG 42844 --- [http-nio-8080-exec-10] c.s.backend_api.security.JwtService      : Extracting username dari token
2026-07-03T01:34:29.475+07:00 DEBUG 42844 --- [http-nio-8080-exec-10] c.s.backend_api.security.JwtService      : Extracting JTI dari token
2026-07-03T01:34:29.483+07:00 DEBUG 42844 --- [http-nio-8080-exec-10] c.s.backend_api.security.JwtService      : Extracting username dari token
2026-07-03T01:34:29.484+07:00 DEBUG 42844 --- [http-nio-8080-exec-10] c.s.backend_api.security.JwtService      : Extracting expiration dari token
2026-07-03T01:34:29.484+07:00 DEBUG 42844 --- [http-nio-8080-exec-10] c.s.backend_api.security.JwtService      : Token valid untuk username: admin.risdiani
2026-07-03T01:34:29.485+07:00  INFO 42844 --- [http-nio-8080-exec-10] c.s.backend_api.security.JwtAuthFilter   : JWT authenticated: user=admin.risdiani, authorities=[ROLE_SUPERADMIN]
2026-07-03T01:34:29.485+07:00 DEBUG 42844 --- [http-nio-8080-exec-10] o.s.security.web.FilterChainProxy        : Secured GET /users/4
2026-07-03T01:34:29.489+07:00  INFO 42844 --- [http-nio-8080-exec-10] c.s.b.service.user.UserService           : UserService.findById - id=4
2026-07-03T01:34:29.498+07:00  INFO 42844 --- [http-nio-8080-exec-10] c.s.b.service.user.UserService           : UserService.findById - found username=admin.risdiani
2026-07-03T01:36:06.542+07:00 DEBUG 42844 --- [http-nio-8080-exec-3] o.s.security.web.FilterChainProxy        : Securing GET /users/4
2026-07-03T01:36:06.542+07:00  INFO 42844 --- [http-nio-8080-exec-3] c.s.backend_api.security.JwtAuthFilter   : JwtAuthFilter hit path=/users/4, hasAuthHeader=true, authPrefix=Bearer
2026-07-03T01:36:06.543+07:00 DEBUG 42844 --- [http-nio-8080-exec-3] c.s.backend_api.security.JwtService      : Extracting username dari token
2026-07-03T01:36:06.543+07:00 DEBUG 42844 --- [http-nio-8080-exec-3] c.s.backend_api.security.JwtService      : Extracting JTI dari token
2026-07-03T01:36:06.551+07:00 DEBUG 42844 --- [http-nio-8080-exec-3] c.s.backend_api.security.JwtService      : Extracting username dari token
2026-07-03T01:36:06.551+07:00 DEBUG 42844 --- [http-nio-8080-exec-3] c.s.backend_api.security.JwtService      : Extracting expiration dari token
2026-07-03T01:36:06.553+07:00 DEBUG 42844 --- [http-nio-8080-exec-3] c.s.backend_api.security.JwtService      : Token valid untuk username: admin.risdiani
2026-07-03T01:36:06.553+07:00  INFO 42844 --- [http-nio-8080-exec-3] c.s.backend_api.security.JwtAuthFilter   : JWT authenticated: user=admin.risdiani, authorities=[ROLE_SUPERADMIN]
2026-07-03T01:36:06.554+07:00 DEBUG 42844 --- [http-nio-8080-exec-3] o.s.security.web.FilterChainProxy        : Secured GET /users/4
2026-07-03T01:36:06.555+07:00  INFO 42844 --- [http-nio-8080-exec-3] c.s.b.service.user.UserService           : UserService.findById - id=4
2026-07-03T01:36:06.560+07:00  INFO 42844 --- [http-nio-8080-exec-3] c.s.b.service.user.UserService           : UserService.findById - found username=admin.risdiani
2026-07-03T01:36:47.414+07:00 DEBUG 42844 --- [http-nio-8080-exec-4] o.s.security.web.FilterChainProxy        : Securing GET /swagger-ui/index.html
2026-07-03T01:36:47.415+07:00  INFO 42844 --- [http-nio-8080-exec-4] c.s.backend_api.security.JwtAuthFilter   : JwtAuthFilter hit path=/swagger-ui/index.html, hasAuthHeader=false, authPrefix=none
2026-07-03T01:36:47.416+07:00  INFO 42844 --- [http-nio-8080-exec-4] c.s.backend_api.security.JwtAuthFilter   : JwtAuthFilter skip: no bearer token
2026-07-03T01:36:47.416+07:00 DEBUG 42844 --- [http-nio-8080-exec-4] o.s.s.w.a.AnonymousAuthenticationFilter  : Set SecurityContextHolder to anonymous SecurityContext
2026-07-03T01:36:47.417+07:00 DEBUG 42844 --- [http-nio-8080-exec-4] o.s.security.web.FilterChainProxy        : Secured GET /swagger-ui/index.html
2026-07-03T01:36:47.624+07:00 DEBUG 42844 --- [http-nio-8080-exec-6] o.s.security.web.FilterChainProxy        : Securing GET /swagger-ui/swagger-ui.css
2026-07-03T01:36:47.624+07:00  INFO 42844 --- [http-nio-8080-exec-6] c.s.backend_api.security.JwtAuthFilter   : JwtAuthFilter hit path=/swagger-ui/swagger-ui.css, hasAuthHeader=false, authPrefix=none
2026-07-03T01:36:47.624+07:00  INFO 42844 --- [http-nio-8080-exec-6] c.s.backend_api.security.JwtAuthFilter   : JwtAuthFilter skip: no bearer token
2026-07-03T01:36:47.625+07:00 DEBUG 42844 --- [http-nio-8080-exec-6] o.s.s.w.a.AnonymousAuthenticationFilter  : Set SecurityContextHolder to anonymous SecurityContext
2026-07-03T01:36:47.626+07:00 DEBUG 42844 --- [http-nio-8080-exec-6] o.s.security.web.FilterChainProxy        : Secured GET /swagger-ui/swagger-ui.css
2026-07-03T01:36:47.630+07:00 DEBUG 42844 --- [http-nio-8080-exec-5] o.s.security.web.FilterChainProxy        : Securing GET /swagger-ui/index.css
2026-07-03T01:36:47.630+07:00  INFO 42844 --- [http-nio-8080-exec-5] c.s.backend_api.security.JwtAuthFilter   : JwtAuthFilter hit path=/swagger-ui/index.css, hasAuthHeader=false, authPrefix=none
2026-07-03T01:36:47.632+07:00  INFO 42844 --- [http-nio-8080-exec-5] c.s.backend_api.security.JwtAuthFilter   : JwtAuthFilter skip: no bearer token
2026-07-03T01:36:47.632+07:00 DEBUG 42844 --- [http-nio-8080-exec-5] o.s.s.w.a.AnonymousAuthenticationFilter  : Set SecurityContextHolder to anonymous SecurityContext
2026-07-03T01:36:47.633+07:00 DEBUG 42844 --- [http-nio-8080-exec-5] o.s.security.web.FilterChainProxy        : Secured GET /swagger-ui/index.css
2026-07-03T01:36:47.639+07:00 DEBUG 42844 --- [http-nio-8080-exec-9] o.s.security.web.FilterChainProxy        : Securing GET /swagger-ui/swagger-initializer.js
2026-07-03T01:36:47.640+07:00 DEBUG 42844 --- [http-nio-8080-exec-7] o.s.security.web.FilterChainProxy        : Securing GET /swagger-ui/swagger-ui-standalone-preset.js
2026-07-03T01:36:47.640+07:00  INFO 42844 --- [http-nio-8080-exec-7] c.s.backend_api.security.JwtAuthFilter   : JwtAuthFilter hit path=/swagger-ui/swagger-ui-standalone-preset.js, hasAuthHeader=false, authPrefix=none
2026-07-03T01:36:47.640+07:00  INFO 42844 --- [http-nio-8080-exec-9] c.s.backend_api.security.JwtAuthFilter   : JwtAuthFilter hit path=/swagger-ui/swagger-initializer.js, hasAuthHeader=false, authPrefix=none
2026-07-03T01:36:47.640+07:00  INFO 42844 --- [http-nio-8080-exec-9] c.s.backend_api.security.JwtAuthFilter   : JwtAuthFilter skip: no bearer token
2026-07-03T01:36:47.640+07:00 DEBUG 42844 --- [http-nio-8080-exec-8] o.s.security.web.FilterChainProxy        : Securing GET /swagger-ui/swagger-ui-bundle.js
2026-07-03T01:36:47.640+07:00  INFO 42844 --- [http-nio-8080-exec-7] c.s.backend_api.security.JwtAuthFilter   : JwtAuthFilter skip: no bearer token
2026-07-03T01:36:47.642+07:00  INFO 42844 --- [http-nio-8080-exec-8] c.s.backend_api.security.JwtAuthFilter   : JwtAuthFilter hit path=/swagger-ui/swagger-ui-bundle.js, hasAuthHeader=false, authPrefix=none
2026-07-03T01:36:47.641+07:00 DEBUG 42844 --- [http-nio-8080-exec-9] o.s.s.w.a.AnonymousAuthenticationFilter  : Set SecurityContextHolder to anonymous SecurityContext
2026-07-03T01:36:47.642+07:00 DEBUG 42844 --- [http-nio-8080-exec-7] o.s.s.w.a.AnonymousAuthenticationFilter  : Set SecurityContextHolder to anonymous SecurityContext
2026-07-03T01:36:47.643+07:00 DEBUG 42844 --- [http-nio-8080-exec-9] o.s.security.web.FilterChainProxy        : Secured GET /swagger-ui/swagger-initializer.js
2026-07-03T01:36:47.642+07:00  INFO 42844 --- [http-nio-8080-exec-8] c.s.backend_api.security.JwtAuthFilter   : JwtAuthFilter skip: no bearer token
2026-07-03T01:36:47.643+07:00 DEBUG 42844 --- [http-nio-8080-exec-7] o.s.security.web.FilterChainProxy        : Secured GET /swagger-ui/swagger-ui-standalone-preset.js
2026-07-03T01:36:47.644+07:00 DEBUG 42844 --- [http-nio-8080-exec-8] o.s.s.w.a.AnonymousAuthenticationFilter  : Set SecurityContextHolder to anonymous SecurityContext
2026-07-03T01:36:47.644+07:00 DEBUG 42844 --- [http-nio-8080-exec-8] o.s.security.web.FilterChainProxy        : Secured GET /swagger-ui/swagger-ui-bundle.js
2026-07-03T01:36:47.934+07:00 DEBUG 42844 --- [http-nio-8080-exec-2] o.s.security.web.FilterChainProxy        : Securing GET /v3/api-docs/swagger-config
2026-07-03T01:36:47.934+07:00  INFO 42844 --- [http-nio-8080-exec-2] c.s.backend_api.security.JwtAuthFilter   : JwtAuthFilter hit path=/v3/api-docs/swagger-config, hasAuthHeader=false, authPrefix=none
2026-07-03T01:36:47.934+07:00  INFO 42844 --- [http-nio-8080-exec-2] c.s.backend_api.security.JwtAuthFilter   : JwtAuthFilter skip: no bearer token
2026-07-03T01:36:47.935+07:00 DEBUG 42844 --- [http-nio-8080-exec-2] o.s.s.w.a.AnonymousAuthenticationFilter  : Set SecurityContextHolder to anonymous SecurityContext
2026-07-03T01:36:47.935+07:00 DEBUG 42844 --- [http-nio-8080-exec-2] o.s.security.web.FilterChainProxy        : Secured GET /v3/api-docs/swagger-config
2026-07-03T01:36:47.939+07:00 DEBUG 42844 --- [http-nio-8080-exec-10] o.s.security.web.FilterChainProxy        : Securing GET /swagger-ui/favicon-32x32.png
2026-07-03T01:36:47.939+07:00  INFO 42844 --- [http-nio-8080-exec-10] c.s.backend_api.security.JwtAuthFilter   : JwtAuthFilter hit path=/swagger-ui/favicon-32x32.png, hasAuthHeader=false, authPrefix=none
2026-07-03T01:36:47.940+07:00  INFO 42844 --- [http-nio-8080-exec-10] c.s.backend_api.security.JwtAuthFilter   : JwtAuthFilter skip: no bearer token
2026-07-03T01:36:47.940+07:00 DEBUG 42844 --- [http-nio-8080-exec-10] o.s.s.w.a.AnonymousAuthenticationFilter  : Set SecurityContextHolder to anonymous SecurityContext
2026-07-03T01:36:47.940+07:00 DEBUG 42844 --- [http-nio-8080-exec-10] o.s.security.web.FilterChainProxy        : Secured GET /swagger-ui/favicon-32x32.png
2026-07-03T01:36:47.975+07:00 DEBUG 42844 --- [http-nio-8080-exec-1] o.s.security.web.FilterChainProxy        : Securing GET /v3/api-docs
2026-07-03T01:36:47.976+07:00  INFO 42844 --- [http-nio-8080-exec-1] c.s.backend_api.security.JwtAuthFilter   : JwtAuthFilter hit path=/v3/api-docs, hasAuthHeader=false, authPrefix=none
2026-07-03T01:36:47.976+07:00  INFO 42844 --- [http-nio-8080-exec-1] c.s.backend_api.security.JwtAuthFilter   : JwtAuthFilter skip: no bearer token
2026-07-03T01:36:47.976+07:00 DEBUG 42844 --- [http-nio-8080-exec-1] o.s.s.w.a.AnonymousAuthenticationFilter  : Set SecurityContextHolder to anonymous SecurityContext
2026-07-03T01:36:47.976+07:00 DEBUG 42844 --- [http-nio-8080-exec-1] o.s.security.web.FilterChainProxy        : Secured GET /v3/api-docs
2026-07-03T01:36:49.155+07:00  INFO 42844 --- [http-nio-8080-exec-1] o.springdoc.api.AbstractOpenApiResource  : Init duration for springdoc-openapi is: 1148 ms
2026-07-03T01:40:15.874+07:00 DEBUG 42844 --- [http-nio-8080-exec-9] o.s.security.web.FilterChainProxy        : Securing GET /users/4
2026-07-03T01:40:15.876+07:00  INFO 42844 --- [http-nio-8080-exec-9] c.s.backend_api.security.JwtAuthFilter   : JwtAuthFilter hit path=/users/4, hasAuthHeader=true, authPrefix=Bearer
2026-07-03T01:40:15.876+07:00 DEBUG 42844 --- [http-nio-8080-exec-9] c.s.backend_api.security.JwtService      : Extracting username dari token
2026-07-03T01:40:15.879+07:00 DEBUG 42844 --- [http-nio-8080-exec-9] c.s.backend_api.security.JwtService      : Extracting JTI dari token
2026-07-03T01:40:15.896+07:00 DEBUG 42844 --- [http-nio-8080-exec-9] c.s.backend_api.security.JwtService      : Extracting username dari token
2026-07-03T01:40:15.897+07:00 DEBUG 42844 --- [http-nio-8080-exec-9] c.s.backend_api.security.JwtService      : Extracting expiration dari token
2026-07-03T01:40:15.898+07:00 DEBUG 42844 --- [http-nio-8080-exec-9] c.s.backend_api.security.JwtService      : Token valid untuk username: admin.risdiani
2026-07-03T01:40:15.898+07:00  INFO 42844 --- [http-nio-8080-exec-9] c.s.backend_api.security.JwtAuthFilter   : JWT authenticated: user=admin.risdiani, authorities=[ROLE_SUPERADMIN]
2026-07-03T01:40:15.899+07:00 DEBUG 42844 --- [http-nio-8080-exec-9] o.s.security.web.FilterChainProxy        : Secured GET /users/4
2026-07-03T01:40:15.901+07:00  INFO 42844 --- [http-nio-8080-exec-9] c.s.b.service.user.UserService           : UserService.findById - id=4
2026-07-03T01:40:15.909+07:00  INFO 42844 --- [http-nio-8080-exec-9] c.s.b.service.user.UserService           : UserService.findById - found username=admin.risdiani
2026-07-03T01:42:36.651+07:00 DEBUG 42844 --- [http-nio-8080-exec-2] o.s.security.web.FilterChainProxy        : Securing GET /users/4
2026-07-03T01:42:36.652+07:00  INFO 42844 --- [http-nio-8080-exec-2] c.s.backend_api.security.JwtAuthFilter   : JwtAuthFilter hit path=/users/4, hasAuthHeader=true, authPrefix=Bearer
2026-07-03T01:42:36.653+07:00 DEBUG 42844 --- [http-nio-8080-exec-2] c.s.backend_api.security.JwtService      : Extracting username dari token
2026-07-03T01:42:36.653+07:00 DEBUG 42844 --- [http-nio-8080-exec-2] c.s.backend_api.security.JwtService      : Extracting JTI dari token
2026-07-03T01:42:36.666+07:00 DEBUG 42844 --- [http-nio-8080-exec-2] c.s.backend_api.security.JwtService      : Extracting username dari token
2026-07-03T01:42:36.667+07:00 DEBUG 42844 --- [http-nio-8080-exec-2] c.s.backend_api.security.JwtService      : Extracting expiration dari token
2026-07-03T01:42:36.667+07:00 DEBUG 42844 --- [http-nio-8080-exec-2] c.s.backend_api.security.JwtService      : Token valid untuk username: admin.risdiani
2026-07-03T01:42:36.667+07:00  INFO 42844 --- [http-nio-8080-exec-2] c.s.backend_api.security.JwtAuthFilter   : JWT authenticated: user=admin.risdiani, authorities=[ROLE_SUPERADMIN]
2026-07-03T01:42:36.668+07:00 DEBUG 42844 --- [http-nio-8080-exec-2] o.s.security.web.FilterChainProxy        : Secured GET /users/4
2026-07-03T01:42:36.669+07:00  INFO 42844 --- [http-nio-8080-exec-2] c.s.b.service.user.UserService           : UserService.findById - id=4
2026-07-03T01:42:36.680+07:00  INFO 42844 --- [http-nio-8080-exec-2] c.s.b.service.user.UserService           : UserService.findById - found username=admin.risdiani
2026-07-03T01:43:58.546+07:00 DEBUG 42844 --- [http-nio-8080-exec-3] o.s.security.web.FilterChainProxy        : Securing OPTIONS /users
2026-07-03T01:43:58.549+07:00 DEBUG 42844 --- [http-nio-8080-exec-5] o.s.security.web.FilterChainProxy        : Securing OPTIONS /roles
2026-07-03T01:43:58.559+07:00 DEBUG 42844 --- [http-nio-8080-exec-6] o.s.security.web.FilterChainProxy        : Securing GET /roles
2026-07-03T01:43:58.559+07:00 DEBUG 42844 --- [http-nio-8080-exec-4] o.s.security.web.FilterChainProxy        : Securing GET /users
2026-07-03T01:43:58.561+07:00  INFO 42844 --- [http-nio-8080-exec-4] c.s.backend_api.security.JwtAuthFilter   : JwtAuthFilter hit path=/users, hasAuthHeader=true, authPrefix=Bearer
2026-07-03T01:43:58.561+07:00  INFO 42844 --- [http-nio-8080-exec-6] c.s.backend_api.security.JwtAuthFilter   : JwtAuthFilter hit path=/roles, hasAuthHeader=true, authPrefix=Bearer
2026-07-03T01:43:58.561+07:00 DEBUG 42844 --- [http-nio-8080-exec-4] c.s.backend_api.security.JwtService      : Extracting username dari token
2026-07-03T01:43:58.562+07:00 DEBUG 42844 --- [http-nio-8080-exec-6] c.s.backend_api.security.JwtService      : Extracting username dari token
2026-07-03T01:43:58.563+07:00 DEBUG 42844 --- [http-nio-8080-exec-6] c.s.backend_api.security.JwtService      : Extracting JTI dari token
2026-07-03T01:43:58.563+07:00 DEBUG 42844 --- [http-nio-8080-exec-4] c.s.backend_api.security.JwtService      : Extracting JTI dari token
2026-07-03T01:43:58.577+07:00 DEBUG 42844 --- [http-nio-8080-exec-6] c.s.backend_api.security.JwtService      : Extracting username dari token
2026-07-03T01:43:58.579+07:00 DEBUG 42844 --- [http-nio-8080-exec-4] c.s.backend_api.security.JwtService      : Extracting username dari token
2026-07-03T01:43:58.579+07:00 DEBUG 42844 --- [http-nio-8080-exec-6] c.s.backend_api.security.JwtService      : Extracting expiration dari token
2026-07-03T01:43:58.580+07:00 DEBUG 42844 --- [http-nio-8080-exec-4] c.s.backend_api.security.JwtService      : Extracting expiration dari token
2026-07-03T01:43:58.580+07:00 DEBUG 42844 --- [http-nio-8080-exec-6] c.s.backend_api.security.JwtService      : Token valid untuk username: admin.risdiani
2026-07-03T01:43:58.580+07:00  INFO 42844 --- [http-nio-8080-exec-6] c.s.backend_api.security.JwtAuthFilter   : JWT authenticated: user=admin.risdiani, authorities=[ROLE_SUPERADMIN]
2026-07-03T01:43:58.580+07:00 DEBUG 42844 --- [http-nio-8080-exec-4] c.s.backend_api.security.JwtService      : Token valid untuk username: admin.risdiani
2026-07-03T01:43:58.580+07:00 DEBUG 42844 --- [http-nio-8080-exec-6] o.s.security.web.FilterChainProxy        : Secured GET /roles
2026-07-03T01:43:58.580+07:00  INFO 42844 --- [http-nio-8080-exec-4] c.s.backend_api.security.JwtAuthFilter   : JWT authenticated: user=admin.risdiani, authorities=[ROLE_SUPERADMIN]
2026-07-03T01:43:58.581+07:00 DEBUG 42844 --- [http-nio-8080-exec-4] o.s.security.web.FilterChainProxy        : Secured GET /users
2026-07-03T01:43:58.581+07:00  INFO 42844 --- [http-nio-8080-exec-4] c.s.b.service.user.UserService           : UserService.findAll - fetching all users
2026-07-03T01:43:58.582+07:00  INFO 42844 --- [http-nio-8080-exec-6] c.s.b.service.role.RoleService           : RoleService.findAll - fetching all roles
2026-07-03T01:43:58.593+07:00  INFO 42844 --- [http-nio-8080-exec-6] c.s.b.service.role.RoleService           : RoleService.findAll - total=2
2026-07-03T01:43:58.598+07:00  INFO 42844 --- [http-nio-8080-exec-4] c.s.b.service.user.UserService           : UserService.findAll - total=2
2026-07-03T01:43:59.828+07:00 DEBUG 42844 --- [http-nio-8080-exec-8] o.s.security.web.FilterChainProxy        : Securing OPTIONS /categories
2026-07-03T01:43:59.828+07:00 DEBUG 42844 --- [http-nio-8080-exec-7] o.s.security.web.FilterChainProxy        : Securing GET /products
2026-07-03T01:43:59.831+07:00  INFO 42844 --- [http-nio-8080-exec-7] c.s.backend_api.security.JwtAuthFilter   : JwtAuthFilter hit path=/products, hasAuthHeader=true, authPrefix=Bearer
2026-07-03T01:43:59.832+07:00 DEBUG 42844 --- [http-nio-8080-exec-7] c.s.backend_api.security.JwtService      : Extracting username dari token
2026-07-03T01:43:59.834+07:00 DEBUG 42844 --- [http-nio-8080-exec-7] c.s.backend_api.security.JwtService      : Extracting JTI dari token
2026-07-03T01:43:59.847+07:00 DEBUG 42844 --- [http-nio-8080-exec-9] o.s.security.web.FilterChainProxy        : Securing GET /categories
2026-07-03T01:43:59.849+07:00  INFO 42844 --- [http-nio-8080-exec-9] c.s.backend_api.security.JwtAuthFilter   : JwtAuthFilter hit path=/categories, hasAuthHeader=true, authPrefix=Bearer
2026-07-03T01:43:59.850+07:00 DEBUG 42844 --- [http-nio-8080-exec-9] c.s.backend_api.security.JwtService      : Extracting username dari token
2026-07-03T01:43:59.852+07:00 DEBUG 42844 --- [http-nio-8080-exec-9] c.s.backend_api.security.JwtService      : Extracting JTI dari token
2026-07-03T01:43:59.853+07:00 DEBUG 42844 --- [http-nio-8080-exec-7] c.s.backend_api.security.JwtService      : Extracting username dari token
2026-07-03T01:43:59.854+07:00 DEBUG 42844 --- [http-nio-8080-exec-7] c.s.backend_api.security.JwtService      : Extracting expiration dari token
2026-07-03T01:43:59.855+07:00 DEBUG 42844 --- [http-nio-8080-exec-7] c.s.backend_api.security.JwtService      : Token valid untuk username: admin.risdiani
2026-07-03T01:43:59.857+07:00  INFO 42844 --- [http-nio-8080-exec-7] c.s.backend_api.security.JwtAuthFilter   : JWT authenticated: user=admin.risdiani, authorities=[ROLE_SUPERADMIN]
2026-07-03T01:43:59.858+07:00 DEBUG 42844 --- [http-nio-8080-exec-7] o.s.security.web.FilterChainProxy        : Secured GET /products
2026-07-03T01:43:59.860+07:00  INFO 42844 --- [http-nio-8080-exec-7] c.s.b.service.product.ProductService     : ProductService.findAll - fetching all products
2026-07-03T01:43:59.863+07:00 DEBUG 42844 --- [http-nio-8080-exec-9] c.s.backend_api.security.JwtService      : Extracting username dari token
2026-07-03T01:43:59.864+07:00 DEBUG 42844 --- [http-nio-8080-exec-9] c.s.backend_api.security.JwtService      : Extracting expiration dari token
2026-07-03T01:43:59.866+07:00 DEBUG 42844 --- [http-nio-8080-exec-9] c.s.backend_api.security.JwtService      : Token valid untuk username: admin.risdiani
2026-07-03T01:43:59.866+07:00  INFO 42844 --- [http-nio-8080-exec-9] c.s.backend_api.security.JwtAuthFilter   : JWT authenticated: user=admin.risdiani, authorities=[ROLE_SUPERADMIN]
2026-07-03T01:43:59.867+07:00 DEBUG 42844 --- [http-nio-8080-exec-9] o.s.security.web.FilterChainProxy        : Secured GET /categories
2026-07-03T01:43:59.923+07:00  INFO 42844 --- [http-nio-8080-exec-7] c.s.b.service.product.ProductService     : ProductService.findAll - total=1049
2026-07-03T01:44:00.649+07:00 DEBUG 42844 --- [http-nio-8080-exec-10] o.s.security.web.FilterChainProxy        : Securing GET /categories
2026-07-03T01:44:00.651+07:00  INFO 42844 --- [http-nio-8080-exec-10] c.s.backend_api.security.JwtAuthFilter   : JwtAuthFilter hit path=/categories, hasAuthHeader=true, authPrefix=Bearer
2026-07-03T01:44:00.653+07:00 DEBUG 42844 --- [http-nio-8080-exec-10] c.s.backend_api.security.JwtService      : Extracting username dari token
2026-07-03T01:44:00.653+07:00 DEBUG 42844 --- [http-nio-8080-exec-10] c.s.backend_api.security.JwtService      : Extracting JTI dari token
2026-07-03T01:44:00.664+07:00 DEBUG 42844 --- [http-nio-8080-exec-10] c.s.backend_api.security.JwtService      : Extracting username dari token
2026-07-03T01:44:00.665+07:00 DEBUG 42844 --- [http-nio-8080-exec-10] c.s.backend_api.security.JwtService      : Extracting expiration dari token
2026-07-03T01:44:00.668+07:00 DEBUG 42844 --- [http-nio-8080-exec-10] c.s.backend_api.security.JwtService      : Token valid untuk username: admin.risdiani
2026-07-03T01:44:00.668+07:00  INFO 42844 --- [http-nio-8080-exec-10] c.s.backend_api.security.JwtAuthFilter   : JWT authenticated: user=admin.risdiani, authorities=[ROLE_SUPERADMIN]
2026-07-03T01:44:00.669+07:00 DEBUG 42844 --- [http-nio-8080-exec-10] o.s.security.web.FilterChainProxy        : Secured GET /categories
2026-07-03T01:44:02.555+07:00 DEBUG 42844 --- [http-nio-8080-exec-2] o.s.security.web.FilterChainProxy        : Securing GET /transactions
2026-07-03T01:44:02.556+07:00  INFO 42844 --- [http-nio-8080-exec-2] c.s.backend_api.security.JwtAuthFilter   : JwtAuthFilter hit path=/transactions, hasAuthHeader=true, authPrefix=Bearer
2026-07-03T01:44:02.557+07:00 DEBUG 42844 --- [http-nio-8080-exec-2] c.s.backend_api.security.JwtService      : Extracting username dari token
2026-07-03T01:44:02.558+07:00 DEBUG 42844 --- [http-nio-8080-exec-2] c.s.backend_api.security.JwtService      : Extracting JTI dari token
2026-07-03T01:44:02.578+07:00 DEBUG 42844 --- [http-nio-8080-exec-2] c.s.backend_api.security.JwtService      : Extracting username dari token
2026-07-03T01:44:02.580+07:00 DEBUG 42844 --- [http-nio-8080-exec-2] c.s.backend_api.security.JwtService      : Extracting expiration dari token
2026-07-03T01:44:02.581+07:00 DEBUG 42844 --- [http-nio-8080-exec-2] c.s.backend_api.security.JwtService      : Token valid untuk username: admin.risdiani
2026-07-03T01:44:02.582+07:00  INFO 42844 --- [http-nio-8080-exec-2] c.s.backend_api.security.JwtAuthFilter   : JWT authenticated: user=admin.risdiani, authorities=[ROLE_SUPERADMIN]
2026-07-03T01:44:02.582+07:00 DEBUG 42844 --- [http-nio-8080-exec-2] o.s.security.web.FilterChainProxy        : Secured GET /transactions
2026-07-03T01:44:03.382+07:00 DEBUG 42844 --- [http-nio-8080-exec-1] o.s.security.web.FilterChainProxy        : Securing GET /products
2026-07-03T01:44:03.383+07:00  INFO 42844 --- [http-nio-8080-exec-1] c.s.backend_api.security.JwtAuthFilter   : JwtAuthFilter hit path=/products, hasAuthHeader=true, authPrefix=Bearer
2026-07-03T01:44:03.383+07:00 DEBUG 42844 --- [http-nio-8080-exec-1] c.s.backend_api.security.JwtService      : Extracting username dari token
2026-07-03T01:44:03.385+07:00 DEBUG 42844 --- [http-nio-8080-exec-1] c.s.backend_api.security.JwtService      : Extracting JTI dari token
2026-07-03T01:44:03.397+07:00 DEBUG 42844 --- [http-nio-8080-exec-1] c.s.backend_api.security.JwtService      : Extracting username dari token
2026-07-03T01:44:03.398+07:00 DEBUG 42844 --- [http-nio-8080-exec-1] c.s.backend_api.security.JwtService      : Extracting expiration dari token
2026-07-03T01:44:03.399+07:00 DEBUG 42844 --- [http-nio-8080-exec-1] c.s.backend_api.security.JwtService      : Token valid untuk username: admin.risdiani
2026-07-03T01:44:03.400+07:00  INFO 42844 --- [http-nio-8080-exec-1] c.s.backend_api.security.JwtAuthFilter   : JWT authenticated: user=admin.risdiani, authorities=[ROLE_SUPERADMIN]
2026-07-03T01:44:03.400+07:00 DEBUG 42844 --- [http-nio-8080-exec-1] o.s.security.web.FilterChainProxy        : Secured GET /products
2026-07-03T01:44:03.401+07:00  INFO 42844 --- [http-nio-8080-exec-1] c.s.b.service.product.ProductService     : ProductService.findAll - fetching all products
2026-07-03T01:44:03.450+07:00  INFO 42844 --- [http-nio-8080-exec-1] c.s.b.service.product.ProductService     : ProductService.findAll - total=1049
2026-07-03T01:44:58.736+07:00 DEBUG 42844 --- [http-nio-8080-exec-3] o.s.security.web.FilterChainProxy        : Securing GET /transactions
2026-07-03T01:44:58.737+07:00  INFO 42844 --- [http-nio-8080-exec-3] c.s.backend_api.security.JwtAuthFilter   : JwtAuthFilter hit path=/transactions, hasAuthHeader=true, authPrefix=Bearer
2026-07-03T01:44:58.737+07:00 DEBUG 42844 --- [http-nio-8080-exec-3] c.s.backend_api.security.JwtService      : Extracting username dari token
2026-07-03T01:44:58.738+07:00 DEBUG 42844 --- [http-nio-8080-exec-3] c.s.backend_api.security.JwtService      : Extracting JTI dari token
2026-07-03T01:44:58.747+07:00 DEBUG 42844 --- [http-nio-8080-exec-3] c.s.backend_api.security.JwtService      : Extracting username dari token
2026-07-03T01:44:58.749+07:00 DEBUG 42844 --- [http-nio-8080-exec-3] c.s.backend_api.security.JwtService      : Extracting expiration dari token
2026-07-03T01:44:58.751+07:00 DEBUG 42844 --- [http-nio-8080-exec-3] c.s.backend_api.security.JwtService      : Token valid untuk username: admin.risdiani
2026-07-03T01:44:58.754+07:00  INFO 42844 --- [http-nio-8080-exec-3] c.s.backend_api.security.JwtAuthFilter   : JWT authenticated: user=admin.risdiani, authorities=[ROLE_SUPERADMIN]
2026-07-03T01:44:58.755+07:00 DEBUG 42844 --- [http-nio-8080-exec-3] o.s.security.web.FilterChainProxy        : Secured GET /transactions
2026-07-03T01:45:34.687+07:00 DEBUG 42844 --- [http-nio-8080-exec-6] o.s.security.web.FilterChainProxy        : Securing OPTIONS /transactions/import-excel
2026-07-03T01:45:36.896+07:00 DEBUG 42844 --- [http-nio-8080-exec-4] o.s.security.web.FilterChainProxy        : Securing POST /transactions/import-excel
2026-07-03T01:45:36.898+07:00  INFO 42844 --- [http-nio-8080-exec-4] c.s.backend_api.security.JwtAuthFilter   : JwtAuthFilter hit path=/transactions/import-excel, hasAuthHeader=true, authPrefix=Bearer
2026-07-03T01:45:36.898+07:00 DEBUG 42844 --- [http-nio-8080-exec-4] c.s.backend_api.security.JwtService      : Extracting username dari token
2026-07-03T01:45:36.899+07:00 DEBUG 42844 --- [http-nio-8080-exec-4] c.s.backend_api.security.JwtService      : Extracting JTI dari token
2026-07-03T01:45:36.907+07:00 DEBUG 42844 --- [http-nio-8080-exec-4] c.s.backend_api.security.JwtService      : Extracting username dari token
2026-07-03T01:45:36.907+07:00 DEBUG 42844 --- [http-nio-8080-exec-4] c.s.backend_api.security.JwtService      : Extracting expiration dari token
2026-07-03T01:45:36.908+07:00 DEBUG 42844 --- [http-nio-8080-exec-4] c.s.backend_api.security.JwtService      : Token valid untuk username: admin.risdiani
2026-07-03T01:45:36.908+07:00  INFO 42844 --- [http-nio-8080-exec-4] c.s.backend_api.security.JwtAuthFilter   : JWT authenticated: user=admin.risdiani, authorities=[ROLE_SUPERADMIN]
2026-07-03T01:45:36.909+07:00 DEBUG 42844 --- [http-nio-8080-exec-4] o.s.security.web.FilterChainProxy        : Secured POST /transactions/import-excel
2026-07-03T01:45:37.072+07:00  INFO 42844 --- [http-nio-8080-exec-4] c.s.b.s.transaction.TransactionService   : Starting Import Transaksi From Excel
2026-07-03T01:47:21.729+07:00  INFO 42844 --- [http-nio-8080-exec-4] c.s.b.s.transaction.TransactionService   : Import transaksi selesai - success=26966, failed=0
2026-07-03T01:47:22.244+07:00 DEBUG 42844 --- [http-nio-8080-exec-8] o.s.security.web.FilterChainProxy        : Securing GET /transactions
2026-07-03T01:47:22.251+07:00  INFO 42844 --- [http-nio-8080-exec-8] c.s.backend_api.security.JwtAuthFilter   : JwtAuthFilter hit path=/transactions, hasAuthHeader=true, authPrefix=Bearer
2026-07-03T01:47:22.251+07:00 DEBUG 42844 --- [http-nio-8080-exec-8] c.s.backend_api.security.JwtService      : Extracting username dari token
2026-07-03T01:47:22.256+07:00 DEBUG 42844 --- [http-nio-8080-exec-8] c.s.backend_api.security.JwtService      : Extracting JTI dari token
2026-07-03T01:47:22.277+07:00 DEBUG 42844 --- [http-nio-8080-exec-8] c.s.backend_api.security.JwtService      : Extracting username dari token
2026-07-03T01:47:22.278+07:00 DEBUG 42844 --- [http-nio-8080-exec-8] c.s.backend_api.security.JwtService      : Extracting expiration dari token
2026-07-03T01:47:22.281+07:00 DEBUG 42844 --- [http-nio-8080-exec-8] c.s.backend_api.security.JwtService      : Token valid untuk username: admin.risdiani
2026-07-03T01:47:22.285+07:00  INFO 42844 --- [http-nio-8080-exec-8] c.s.backend_api.security.JwtAuthFilter   : JWT authenticated: user=admin.risdiani, authorities=[ROLE_SUPERADMIN]
2026-07-03T01:47:22.286+07:00 DEBUG 42844 --- [http-nio-8080-exec-8] o.s.security.web.FilterChainProxy        : Secured GET /transactions
2026-07-03T01:49:36.077+07:00 DEBUG 42844 --- [http-nio-8080-exec-7] o.s.security.web.FilterChainProxy        : Securing GET /transactions
2026-07-03T01:49:36.083+07:00  INFO 42844 --- [http-nio-8080-exec-7] c.s.backend_api.security.JwtAuthFilter   : JwtAuthFilter hit path=/transactions, hasAuthHeader=true, authPrefix=Bearer
2026-07-03T01:49:36.085+07:00 DEBUG 42844 --- [http-nio-8080-exec-7] c.s.backend_api.security.JwtService      : Extracting username dari token
2026-07-03T01:49:36.089+07:00 DEBUG 42844 --- [http-nio-8080-exec-7] c.s.backend_api.security.JwtService      : Extracting JTI dari token
2026-07-03T01:49:36.108+07:00 DEBUG 42844 --- [http-nio-8080-exec-7] c.s.backend_api.security.JwtService      : Extracting username dari token
2026-07-03T01:49:36.110+07:00 DEBUG 42844 --- [http-nio-8080-exec-7] c.s.backend_api.security.JwtService      : Extracting expiration dari token
2026-07-03T01:49:36.118+07:00 DEBUG 42844 --- [http-nio-8080-exec-7] c.s.backend_api.security.JwtService      : Token valid untuk username: admin.risdiani
2026-07-03T01:49:36.119+07:00  INFO 42844 --- [http-nio-8080-exec-7] c.s.backend_api.security.JwtAuthFilter   : JWT authenticated: user=admin.risdiani, authorities=[ROLE_SUPERADMIN]
2026-07-03T01:49:36.120+07:00 DEBUG 42844 --- [http-nio-8080-exec-7] o.s.security.web.FilterChainProxy        : Secured GET /transactions
2026-07-03T01:51:32.477+07:00 DEBUG 42844 --- [http-nio-8080-exec-2] o.s.security.web.FilterChainProxy        : Securing GET /categories
2026-07-03T01:51:32.480+07:00  INFO 42844 --- [http-nio-8080-exec-2] c.s.backend_api.security.JwtAuthFilter   : JwtAuthFilter hit path=/categories, hasAuthHeader=true, authPrefix=Bearer
2026-07-03T01:51:32.481+07:00 DEBUG 42844 --- [http-nio-8080-exec-2] c.s.backend_api.security.JwtService      : Extracting username dari token
2026-07-03T01:51:32.484+07:00 DEBUG 42844 --- [http-nio-8080-exec-2] c.s.backend_api.security.JwtService      : Extracting JTI dari token
2026-07-03T01:51:32.501+07:00 DEBUG 42844 --- [http-nio-8080-exec-2] c.s.backend_api.security.JwtService      : Extracting username dari token
2026-07-03T01:51:32.504+07:00 DEBUG 42844 --- [http-nio-8080-exec-2] c.s.backend_api.security.JwtService      : Extracting expiration dari token
2026-07-03T01:51:32.507+07:00 DEBUG 42844 --- [http-nio-8080-exec-2] c.s.backend_api.security.JwtService      : Token valid untuk username: admin.risdiani
2026-07-03T01:51:32.508+07:00  INFO 42844 --- [http-nio-8080-exec-2] c.s.backend_api.security.JwtAuthFilter   : JWT authenticated: user=admin.risdiani, authorities=[ROLE_SUPERADMIN]
2026-07-03T01:51:32.509+07:00 DEBUG 42844 --- [http-nio-8080-exec-2] o.s.security.web.FilterChainProxy        : Secured GET /categories
2026-07-03T01:51:36.233+07:00 DEBUG 42844 --- [http-nio-8080-exec-1] o.s.security.web.FilterChainProxy        : Securing OPTIONS /products
2026-07-03T01:51:36.243+07:00 DEBUG 42844 --- [http-nio-8080-exec-3] o.s.security.web.FilterChainProxy        : Securing GET /categories
2026-07-03T01:51:36.248+07:00  INFO 42844 --- [http-nio-8080-exec-3] c.s.backend_api.security.JwtAuthFilter   : JwtAuthFilter hit path=/categories, hasAuthHeader=true, authPrefix=Bearer
2026-07-03T01:51:36.249+07:00 DEBUG 42844 --- [http-nio-8080-exec-3] c.s.backend_api.security.JwtService      : Extracting username dari token
2026-07-03T01:51:36.251+07:00 DEBUG 42844 --- [http-nio-8080-exec-5] o.s.security.web.FilterChainProxy        : Securing GET /products
2026-07-03T01:51:36.251+07:00 DEBUG 42844 --- [http-nio-8080-exec-3] c.s.backend_api.security.JwtService      : Extracting JTI dari token
2026-07-03T01:51:36.255+07:00  INFO 42844 --- [http-nio-8080-exec-5] c.s.backend_api.security.JwtAuthFilter   : JwtAuthFilter hit path=/products, hasAuthHeader=true, authPrefix=Bearer
2026-07-03T01:51:36.256+07:00 DEBUG 42844 --- [http-nio-8080-exec-5] c.s.backend_api.security.JwtService      : Extracting username dari token
2026-07-03T01:51:36.258+07:00 DEBUG 42844 --- [http-nio-8080-exec-5] c.s.backend_api.security.JwtService      : Extracting JTI dari token
2026-07-03T01:51:36.261+07:00 DEBUG 42844 --- [http-nio-8080-exec-3] c.s.backend_api.security.JwtService      : Extracting username dari token
2026-07-03T01:51:36.262+07:00 DEBUG 42844 --- [http-nio-8080-exec-3] c.s.backend_api.security.JwtService      : Extracting expiration dari token
2026-07-03T01:51:36.265+07:00 DEBUG 42844 --- [http-nio-8080-exec-3] c.s.backend_api.security.JwtService      : Token valid untuk username: admin.risdiani
2026-07-03T01:51:36.269+07:00  INFO 42844 --- [http-nio-8080-exec-3] c.s.backend_api.security.JwtAuthFilter   : JWT authenticated: user=admin.risdiani, authorities=[ROLE_SUPERADMIN]
2026-07-03T01:51:36.271+07:00 DEBUG 42844 --- [http-nio-8080-exec-3] o.s.security.web.FilterChainProxy        : Secured GET /categories
2026-07-03T01:51:36.273+07:00 DEBUG 42844 --- [http-nio-8080-exec-5] c.s.backend_api.security.JwtService      : Extracting username dari token
2026-07-03T01:51:36.276+07:00 DEBUG 42844 --- [http-nio-8080-exec-5] c.s.backend_api.security.JwtService      : Extracting expiration dari token
2026-07-03T01:51:36.277+07:00 DEBUG 42844 --- [http-nio-8080-exec-5] c.s.backend_api.security.JwtService      : Token valid untuk username: admin.risdiani
2026-07-03T01:51:36.278+07:00  INFO 42844 --- [http-nio-8080-exec-5] c.s.backend_api.security.JwtAuthFilter   : JWT authenticated: user=admin.risdiani, authorities=[ROLE_SUPERADMIN]
2026-07-03T01:51:36.279+07:00 DEBUG 42844 --- [http-nio-8080-exec-5] o.s.security.web.FilterChainProxy        : Secured GET /products
2026-07-03T01:51:36.284+07:00  INFO 42844 --- [http-nio-8080-exec-5] c.s.b.service.product.ProductService     : ProductService.findAll - fetching all products
2026-07-03T01:51:36.339+07:00  INFO 42844 --- [http-nio-8080-exec-5] c.s.b.service.product.ProductService     : ProductService.findAll - total=1049
2026-07-03T01:52:08.642+07:00 DEBUG 42844 --- [http-nio-8080-exec-6] o.s.security.web.FilterChainProxy        : Securing GET /categories
2026-07-03T01:52:08.646+07:00  INFO 42844 --- [http-nio-8080-exec-6] c.s.backend_api.security.JwtAuthFilter   : JwtAuthFilter hit path=/categories, hasAuthHeader=true, authPrefix=Bearer
2026-07-03T01:52:08.647+07:00 DEBUG 42844 --- [http-nio-8080-exec-6] c.s.backend_api.security.JwtService      : Extracting username dari token
2026-07-03T01:52:08.649+07:00 DEBUG 42844 --- [http-nio-8080-exec-6] c.s.backend_api.security.JwtService      : Extracting JTI dari token
2026-07-03T01:52:08.658+07:00 DEBUG 42844 --- [http-nio-8080-exec-6] c.s.backend_api.security.JwtService      : Extracting username dari token
2026-07-03T01:52:08.665+07:00 DEBUG 42844 --- [http-nio-8080-exec-6] c.s.backend_api.security.JwtService      : Extracting expiration dari token
2026-07-03T01:52:08.669+07:00 DEBUG 42844 --- [http-nio-8080-exec-6] c.s.backend_api.security.JwtService      : Token valid untuk username: admin.risdiani
2026-07-03T01:52:08.670+07:00  INFO 42844 --- [http-nio-8080-exec-6] c.s.backend_api.security.JwtAuthFilter   : JWT authenticated: user=admin.risdiani, authorities=[ROLE_SUPERADMIN]
2026-07-03T01:52:08.671+07:00 DEBUG 42844 --- [http-nio-8080-exec-6] o.s.security.web.FilterChainProxy        : Secured GET /categories
2026-07-03T01:52:24.137+07:00 DEBUG 42844 --- [http-nio-8080-exec-4] o.s.security.web.FilterChainProxy        : Securing GET /products
2026-07-03T01:52:24.140+07:00  INFO 42844 --- [http-nio-8080-exec-4] c.s.backend_api.security.JwtAuthFilter   : JwtAuthFilter hit path=/products, hasAuthHeader=true, authPrefix=Bearer
2026-07-03T01:52:24.141+07:00 DEBUG 42844 --- [http-nio-8080-exec-4] c.s.backend_api.security.JwtService      : Extracting username dari token
2026-07-03T01:52:24.146+07:00 DEBUG 42844 --- [http-nio-8080-exec-4] c.s.backend_api.security.JwtService      : Extracting JTI dari token
2026-07-03T01:52:24.164+07:00 DEBUG 42844 --- [http-nio-8080-exec-4] c.s.backend_api.security.JwtService      : Extracting username dari token
2026-07-03T01:52:24.167+07:00 DEBUG 42844 --- [http-nio-8080-exec-4] c.s.backend_api.security.JwtService      : Extracting expiration dari token
2026-07-03T01:52:24.170+07:00 DEBUG 42844 --- [http-nio-8080-exec-4] c.s.backend_api.security.JwtService      : Token valid untuk username: admin.risdiani
2026-07-03T01:52:24.172+07:00  INFO 42844 --- [http-nio-8080-exec-4] c.s.backend_api.security.JwtAuthFilter   : JWT authenticated: user=admin.risdiani, authorities=[ROLE_SUPERADMIN]
2026-07-03T01:52:24.173+07:00 DEBUG 42844 --- [http-nio-8080-exec-4] o.s.security.web.FilterChainProxy        : Secured GET /products
2026-07-03T01:52:24.176+07:00  INFO 42844 --- [http-nio-8080-exec-4] c.s.b.service.product.ProductService     : ProductService.findAll - fetching all products
2026-07-03T01:52:24.204+07:00  INFO 42844 --- [http-nio-8080-exec-4] c.s.b.service.product.ProductService     : ProductService.findAll - total=1049
2026-07-03T01:52:24.918+07:00 DEBUG 42844 --- [http-nio-8080-exec-8] o.s.security.web.FilterChainProxy        : Securing OPTIONS /transactions
2026-07-03T01:52:24.931+07:00 DEBUG 42844 --- [http-nio-8080-exec-9] o.s.security.web.FilterChainProxy        : Securing GET /transactions
2026-07-03T01:52:24.931+07:00  INFO 42844 --- [http-nio-8080-exec-9] c.s.backend_api.security.JwtAuthFilter   : JwtAuthFilter hit path=/transactions, hasAuthHeader=true, authPrefix=Bearer
2026-07-03T01:52:24.932+07:00 DEBUG 42844 --- [http-nio-8080-exec-9] c.s.backend_api.security.JwtService      : Extracting username dari token
2026-07-03T01:52:24.934+07:00 DEBUG 42844 --- [http-nio-8080-exec-9] c.s.backend_api.security.JwtService      : Extracting JTI dari token
2026-07-03T01:52:24.945+07:00 DEBUG 42844 --- [http-nio-8080-exec-9] c.s.backend_api.security.JwtService      : Extracting username dari token
2026-07-03T01:52:24.946+07:00 DEBUG 42844 --- [http-nio-8080-exec-9] c.s.backend_api.security.JwtService      : Extracting expiration dari token
2026-07-03T01:52:24.948+07:00 DEBUG 42844 --- [http-nio-8080-exec-9] c.s.backend_api.security.JwtService      : Token valid untuk username: admin.risdiani
2026-07-03T01:52:24.948+07:00  INFO 42844 --- [http-nio-8080-exec-9] c.s.backend_api.security.JwtAuthFilter   : JWT authenticated: user=admin.risdiani, authorities=[ROLE_SUPERADMIN]
2026-07-03T01:52:24.948+07:00 DEBUG 42844 --- [http-nio-8080-exec-9] o.s.security.web.FilterChainProxy        : Secured GET /transactions
2026-07-03T01:52:31.226+07:00 DEBUG 42844 --- [http-nio-8080-exec-7] o.s.security.web.FilterChainProxy        : Securing GET /users
2026-07-03T01:52:31.226+07:00 DEBUG 42844 --- [http-nio-8080-exec-10] o.s.security.web.FilterChainProxy        : Securing GET /roles
2026-07-03T01:52:31.229+07:00  INFO 42844 --- [http-nio-8080-exec-7] c.s.backend_api.security.JwtAuthFilter   : JwtAuthFilter hit path=/users, hasAuthHeader=true, authPrefix=Bearer
2026-07-03T01:52:31.229+07:00  INFO 42844 --- [http-nio-8080-exec-10] c.s.backend_api.security.JwtAuthFilter   : JwtAuthFilter hit path=/roles, hasAuthHeader=true, authPrefix=Bearer
2026-07-03T01:52:31.230+07:00 DEBUG 42844 --- [http-nio-8080-exec-7] c.s.backend_api.security.JwtService      : Extracting username dari token
2026-07-03T01:52:31.230+07:00 DEBUG 42844 --- [http-nio-8080-exec-10] c.s.backend_api.security.JwtService      : Extracting username dari token
2026-07-03T01:52:31.231+07:00 DEBUG 42844 --- [http-nio-8080-exec-7] c.s.backend_api.security.JwtService      : Extracting JTI dari token
2026-07-03T01:52:31.231+07:00 DEBUG 42844 --- [http-nio-8080-exec-10] c.s.backend_api.security.JwtService      : Extracting JTI dari token
2026-07-03T01:52:31.242+07:00 DEBUG 42844 --- [http-nio-8080-exec-10] c.s.backend_api.security.JwtService      : Extracting username dari token
2026-07-03T01:52:31.242+07:00 DEBUG 42844 --- [http-nio-8080-exec-7] c.s.backend_api.security.JwtService      : Extracting username dari token
2026-07-03T01:52:31.243+07:00 DEBUG 42844 --- [http-nio-8080-exec-10] c.s.backend_api.security.JwtService      : Extracting expiration dari token
2026-07-03T01:52:31.243+07:00 DEBUG 42844 --- [http-nio-8080-exec-7] c.s.backend_api.security.JwtService      : Extracting expiration dari token
2026-07-03T01:52:31.246+07:00 DEBUG 42844 --- [http-nio-8080-exec-10] c.s.backend_api.security.JwtService      : Token valid untuk username: admin.risdiani
2026-07-03T01:52:31.246+07:00 DEBUG 42844 --- [http-nio-8080-exec-7] c.s.backend_api.security.JwtService      : Token valid untuk username: admin.risdiani
2026-07-03T01:52:31.246+07:00  INFO 42844 --- [http-nio-8080-exec-7] c.s.backend_api.security.JwtAuthFilter   : JWT authenticated: user=admin.risdiani, authorities=[ROLE_SUPERADMIN]
2026-07-03T01:52:31.246+07:00  INFO 42844 --- [http-nio-8080-exec-10] c.s.backend_api.security.JwtAuthFilter   : JWT authenticated: user=admin.risdiani, authorities=[ROLE_SUPERADMIN]
2026-07-03T01:52:31.246+07:00 DEBUG 42844 --- [http-nio-8080-exec-7] o.s.security.web.FilterChainProxy        : Secured GET /users
2026-07-03T01:52:31.246+07:00 DEBUG 42844 --- [http-nio-8080-exec-10] o.s.security.web.FilterChainProxy        : Secured GET /roles
2026-07-03T01:52:31.249+07:00  INFO 42844 --- [http-nio-8080-exec-10] c.s.b.service.role.RoleService           : RoleService.findAll - fetching all roles
2026-07-03T01:52:31.249+07:00  INFO 42844 --- [http-nio-8080-exec-7] c.s.b.service.user.UserService           : UserService.findAll - fetching all users
2026-07-03T01:52:31.254+07:00  INFO 42844 --- [http-nio-8080-exec-10] c.s.b.service.role.RoleService           : RoleService.findAll - total=2
2026-07-03T01:52:31.257+07:00  INFO 42844 --- [http-nio-8080-exec-7] c.s.b.service.user.UserService           : UserService.findAll - total=2
2026-07-03T01:52:55.710+07:00 DEBUG 42844 --- [http-nio-8080-exec-2] o.s.security.web.FilterChainProxy        : Securing OPTIONS /apriori/rules
2026-07-03T01:52:55.719+07:00 DEBUG 42844 --- [http-nio-8080-exec-1] o.s.security.web.FilterChainProxy        : Securing POST /apriori/rules
2026-07-03T01:52:55.721+07:00  INFO 42844 --- [http-nio-8080-exec-1] c.s.backend_api.security.JwtAuthFilter   : JwtAuthFilter hit path=/apriori/rules, hasAuthHeader=true, authPrefix=Bearer
2026-07-03T01:52:55.722+07:00 DEBUG 42844 --- [http-nio-8080-exec-1] c.s.backend_api.security.JwtService      : Extracting username dari token
2026-07-03T01:52:55.724+07:00 DEBUG 42844 --- [http-nio-8080-exec-1] c.s.backend_api.security.JwtService      : Extracting JTI dari token
2026-07-03T01:52:55.741+07:00 DEBUG 42844 --- [http-nio-8080-exec-1] c.s.backend_api.security.JwtService      : Extracting username dari token
2026-07-03T01:52:55.746+07:00 DEBUG 42844 --- [http-nio-8080-exec-1] c.s.backend_api.security.JwtService      : Extracting expiration dari token
2026-07-03T01:52:55.750+07:00 DEBUG 42844 --- [http-nio-8080-exec-1] c.s.backend_api.security.JwtService      : Token valid untuk username: admin.risdiani
2026-07-03T01:52:55.750+07:00  INFO 42844 --- [http-nio-8080-exec-1] c.s.backend_api.security.JwtAuthFilter   : JWT authenticated: user=admin.risdiani, authorities=[ROLE_SUPERADMIN]
2026-07-03T01:52:55.751+07:00 DEBUG 42844 --- [http-nio-8080-exec-1] o.s.security.web.FilterChainProxy        : Secured POST /apriori/rules
2026-07-03T01:52:55.798+07:00  INFO 42844 --- [http-nio-8080-exec-1] c.s.b.service.apriori.AprioriService     : === Memulai perhitungan Aturan Asosiasi (Confidence) ===
2026-07-03T01:52:55.798+07:00  INFO 42844 --- [http-nio-8080-exec-1] c.s.b.service.apriori.AprioriService     : Mengambil transaksi dari database untuk rentang tanggal: 2026-01-01 s/d 2026-06-24
2026-07-03T01:52:55.906+07:00  INFO 42844 --- [http-nio-8080-exec-1] c.s.b.service.apriori.AprioriService     : Berhasil mengambil 2997 data transaksi dari database.
2026-07-03T01:52:56.846+07:00  INFO 42844 --- [http-nio-8080-exec-1] c.s.b.service.apriori.AprioriService     : Memeriksa Itemset 3...
2026-07-03T01:52:56.847+07:00  INFO 42844 --- [http-nio-8080-exec-1] c.s.b.service.apriori.AprioriService     : === Memulai perhitungan Itemset 3 ===
2026-07-03T01:52:56.847+07:00  INFO 42844 --- [http-nio-8080-exec-1] c.s.b.service.apriori.AprioriService     : Mengambil transaksi dari database untuk rentang tanggal: 2026-01-01 s/d 2026-06-24
2026-07-03T01:52:56.869+07:00  INFO 42844 --- [http-nio-8080-exec-1] c.s.b.service.apriori.AprioriService     : Berhasil mengambil 2997 data transaksi dari database.
2026-07-03T01:52:56.920+07:00  INFO 42844 --- [http-nio-8080-exec-1] c.s.b.service.apriori.AprioriService     : Mencari kandidat pasangan Itemset 2 yang lolos sebagai bahan Itemset 3...
2026-07-03T01:52:56.920+07:00  INFO 42844 --- [http-nio-8080-exec-1] c.s.b.service.apriori.AprioriService     : === Memulai perhitungan Itemset 2 ===
2026-07-03T01:52:56.920+07:00  INFO 42844 --- [http-nio-8080-exec-1] c.s.b.service.apriori.AprioriService     : Mengambil transaksi dari database untuk rentang tanggal: 2026-01-01 s/d 2026-06-24
2026-07-03T01:52:56.940+07:00  INFO 42844 --- [http-nio-8080-exec-1] c.s.b.service.apriori.AprioriService     : Berhasil mengambil 2997 data transaksi dari database.
2026-07-03T01:52:56.986+07:00  INFO 42844 --- [http-nio-8080-exec-1] c.s.b.service.apriori.AprioriService     : Mencari kandidat Itemset 1 yang lolos sebagai bahan Itemset 2...
2026-07-03T01:52:56.987+07:00  INFO 42844 --- [http-nio-8080-exec-1] c.s.b.service.apriori.AprioriService     : === Memulai perhitungan Itemset 1 ===
2026-07-03T01:52:56.987+07:00  INFO 42844 --- [http-nio-8080-exec-1] c.s.b.service.apriori.AprioriService     : Parameter: minSupport=10.0%, minConfidence=50.0%
2026-07-03T01:52:56.988+07:00  INFO 42844 --- [http-nio-8080-exec-1] c.s.b.service.apriori.AprioriService     : Mengambil transaksi dari database untuk rentang tanggal: 2026-01-01 s/d 2026-06-24
2026-07-03T01:52:57.006+07:00  INFO 42844 --- [http-nio-8080-exec-1] c.s.b.service.apriori.AprioriService     : Berhasil mengambil 2997 data transaksi dari database.
2026-07-03T01:52:57.062+07:00  INFO 42844 --- [http-nio-8080-exec-1] c.s.b.service.apriori.AprioriService     : Berhasil mengekstrak 50 item unik dari keseluruhan transaksi.
2026-07-03T01:52:57.084+07:00  INFO 42844 --- [http-nio-8080-exec-1] c.s.b.service.apriori.AprioriService     : Selesai memformat kembalian data Itemset 1.
2026-07-03T01:52:57.087+07:00  INFO 42844 --- [http-nio-8080-exec-1] c.s.b.service.apriori.AprioriService     : Ditemukan 50 item dari Itemset 1 yang lolos (>= 10.0%).
2026-07-03T01:52:57.394+07:00  INFO 42844 --- [http-nio-8080-exec-1] c.s.b.service.apriori.AprioriService     : Selesai menghitung kombinasi Itemset 2. Total Kombinasi: 1225. Memformat hasil...
2026-07-03T01:52:57.401+07:00  INFO 42844 --- [http-nio-8080-exec-1] c.s.b.service.apriori.AprioriService     : Ditemukan 274 pasangan dari Itemset 2 yang lolos.
2026-07-03T01:53:00.962+07:00  INFO 42844 --- [http-nio-8080-exec-1] c.s.b.service.apriori.AprioriService     : Selesai menghitung kombinasi Itemset 3. Total Kombinasi: 11480. Memformat hasil...
2026-07-03T01:53:00.988+07:00  INFO 42844 --- [http-nio-8080-exec-1] c.s.b.service.apriori.AprioriService     : Ditemukan 280 kombinasi Itemset 3 yang lolos. Membentuk Aturan dari Itemset 3 (A&B -> C).
2026-07-03T01:53:00.989+07:00  INFO 42844 --- [http-nio-8080-exec-1] c.s.b.service.apriori.AprioriService     : === Memulai perhitungan Itemset 2 ===
2026-07-03T01:53:00.989+07:00  INFO 42844 --- [http-nio-8080-exec-1] c.s.b.service.apriori.AprioriService     : Mengambil transaksi dari database untuk rentang tanggal: 2026-01-01 s/d 2026-06-24
2026-07-03T01:53:01.016+07:00  INFO 42844 --- [http-nio-8080-exec-1] c.s.b.service.apriori.AprioriService     : Berhasil mengambil 2997 data transaksi dari database.
2026-07-03T01:53:01.083+07:00  INFO 42844 --- [http-nio-8080-exec-1] c.s.b.service.apriori.AprioriService     : Mencari kandidat Itemset 1 yang lolos sebagai bahan Itemset 2...
2026-07-03T01:53:01.084+07:00  INFO 42844 --- [http-nio-8080-exec-1] c.s.b.service.apriori.AprioriService     : === Memulai perhitungan Itemset 1 ===
2026-07-03T01:53:01.084+07:00  INFO 42844 --- [http-nio-8080-exec-1] c.s.b.service.apriori.AprioriService     : Parameter: minSupport=10.0%, minConfidence=50.0%
2026-07-03T01:53:01.085+07:00  INFO 42844 --- [http-nio-8080-exec-1] c.s.b.service.apriori.AprioriService     : Mengambil transaksi dari database untuk rentang tanggal: 2026-01-01 s/d 2026-06-24
2026-07-03T01:53:01.104+07:00  INFO 42844 --- [http-nio-8080-exec-1] c.s.b.service.apriori.AprioriService     : Berhasil mengambil 2997 data transaksi dari database.
2026-07-03T01:53:01.172+07:00  INFO 42844 --- [http-nio-8080-exec-1] c.s.b.service.apriori.AprioriService     : Berhasil mengekstrak 50 item unik dari keseluruhan transaksi.
2026-07-03T01:53:01.172+07:00  INFO 42844 --- [http-nio-8080-exec-1] c.s.b.service.apriori.AprioriService     : Selesai memformat kembalian data Itemset 1.
2026-07-03T01:53:01.172+07:00  INFO 42844 --- [http-nio-8080-exec-1] c.s.b.service.apriori.AprioriService     : Ditemukan 50 item dari Itemset 1 yang lolos (>= 10.0%).
2026-07-03T01:53:01.477+07:00  INFO 42844 --- [http-nio-8080-exec-1] c.s.b.service.apriori.AprioriService     : Selesai menghitung kombinasi Itemset 2. Total Kombinasi: 1225. Memformat hasil...
2026-07-03T01:53:01.511+07:00  INFO 42844 --- [http-nio-8080-exec-1] c.s.b.service.apriori.AprioriService     : Berhasil membentuk 840 Aturan Asosiasi.
2026-07-03T01:55:05.691+07:00 DEBUG 42844 --- [http-nio-8080-exec-6] o.s.security.web.FilterChainProxy        : Securing OPTIONS /apriori/itemset1
2026-07-03T01:55:05.700+07:00 DEBUG 42844 --- [http-nio-8080-exec-4] o.s.security.web.FilterChainProxy        : Securing POST /apriori/itemset1
2026-07-03T01:55:05.703+07:00  INFO 42844 --- [http-nio-8080-exec-4] c.s.backend_api.security.JwtAuthFilter   : JwtAuthFilter hit path=/apriori/itemset1, hasAuthHeader=true, authPrefix=Bearer
2026-07-03T01:55:05.705+07:00 DEBUG 42844 --- [http-nio-8080-exec-4] c.s.backend_api.security.JwtService      : Extracting username dari token
2026-07-03T01:55:05.707+07:00 DEBUG 42844 --- [http-nio-8080-exec-4] c.s.backend_api.security.JwtService      : Extracting JTI dari token
2026-07-03T01:55:05.716+07:00 DEBUG 42844 --- [http-nio-8080-exec-4] c.s.backend_api.security.JwtService      : Extracting username dari token
2026-07-03T01:55:05.717+07:00 DEBUG 42844 --- [http-nio-8080-exec-4] c.s.backend_api.security.JwtService      : Extracting expiration dari token
2026-07-03T01:55:05.719+07:00 DEBUG 42844 --- [http-nio-8080-exec-4] c.s.backend_api.security.JwtService      : Token valid untuk username: admin.risdiani
2026-07-03T01:55:05.722+07:00  INFO 42844 --- [http-nio-8080-exec-4] c.s.backend_api.security.JwtAuthFilter   : JWT authenticated: user=admin.risdiani, authorities=[ROLE_SUPERADMIN]
2026-07-03T01:55:05.723+07:00 DEBUG 42844 --- [http-nio-8080-exec-4] o.s.security.web.FilterChainProxy        : Secured POST /apriori/itemset1
2026-07-03T01:55:05.729+07:00  INFO 42844 --- [http-nio-8080-exec-4] c.s.b.service.apriori.AprioriService     : === Memulai perhitungan Itemset 1 ===
2026-07-03T01:55:05.729+07:00  INFO 42844 --- [http-nio-8080-exec-4] c.s.b.service.apriori.AprioriService     : Parameter: minSupport=15.0%, minConfidence=50.0%
2026-07-03T01:55:05.729+07:00  INFO 42844 --- [http-nio-8080-exec-4] c.s.b.service.apriori.AprioriService     : Mengambil transaksi dari database untuk rentang tanggal: 2026-06-01 s/d 2026-06-30
2026-07-03T01:55:05.767+07:00  INFO 42844 --- [http-nio-8080-exec-4] c.s.b.service.apriori.AprioriService     : Berhasil mengambil 740 data transaksi dari database.
2026-07-03T01:55:06.103+07:00  INFO 42844 --- [http-nio-8080-exec-4] c.s.b.service.apriori.AprioriService     : Berhasil mengekstrak 50 item unik dari keseluruhan transaksi.
2026-07-03T01:55:06.104+07:00  INFO 42844 --- [http-nio-8080-exec-4] c.s.b.service.apriori.AprioriService     : Selesai memformat kembalian data Itemset 1.
2026-07-03T01:55:06.140+07:00 DEBUG 42844 --- [http-nio-8080-exec-8] o.s.security.web.FilterChainProxy        : Securing OPTIONS /apriori/itemset2
2026-07-03T01:55:06.147+07:00 DEBUG 42844 --- [http-nio-8080-exec-9] o.s.security.web.FilterChainProxy        : Securing POST /apriori/itemset2
2026-07-03T01:55:06.148+07:00  INFO 42844 --- [http-nio-8080-exec-9] c.s.backend_api.security.JwtAuthFilter   : JwtAuthFilter hit path=/apriori/itemset2, hasAuthHeader=true, authPrefix=Bearer
2026-07-03T01:55:06.149+07:00 DEBUG 42844 --- [http-nio-8080-exec-9] c.s.backend_api.security.JwtService      : Extracting username dari token
2026-07-03T01:55:06.150+07:00 DEBUG 42844 --- [http-nio-8080-exec-9] c.s.backend_api.security.JwtService      : Extracting JTI dari token
2026-07-03T01:55:06.158+07:00 DEBUG 42844 --- [http-nio-8080-exec-9] c.s.backend_api.security.JwtService      : Extracting username dari token
2026-07-03T01:55:06.159+07:00 DEBUG 42844 --- [http-nio-8080-exec-9] c.s.backend_api.security.JwtService      : Extracting expiration dari token
2026-07-03T01:55:06.160+07:00 DEBUG 42844 --- [http-nio-8080-exec-9] c.s.backend_api.security.JwtService      : Token valid untuk username: admin.risdiani
2026-07-03T01:55:06.162+07:00  INFO 42844 --- [http-nio-8080-exec-9] c.s.backend_api.security.JwtAuthFilter   : JWT authenticated: user=admin.risdiani, authorities=[ROLE_SUPERADMIN]
2026-07-03T01:55:06.162+07:00 DEBUG 42844 --- [http-nio-8080-exec-9] o.s.security.web.FilterChainProxy        : Secured POST /apriori/itemset2
2026-07-03T01:55:06.165+07:00  INFO 42844 --- [http-nio-8080-exec-9] c.s.b.service.apriori.AprioriService     : === Memulai perhitungan Itemset 2 ===
2026-07-03T01:55:06.165+07:00  INFO 42844 --- [http-nio-8080-exec-9] c.s.b.service.apriori.AprioriService     : Mengambil transaksi dari database untuk rentang tanggal: 2026-06-01 s/d 2026-06-30
2026-07-03T01:55:06.206+07:00  INFO 42844 --- [http-nio-8080-exec-9] c.s.b.service.apriori.AprioriService     : Berhasil mengambil 740 data transaksi dari database.
2026-07-03T01:55:06.570+07:00  INFO 42844 --- [http-nio-8080-exec-9] c.s.b.service.apriori.AprioriService     : Mencari kandidat Itemset 1 yang lolos sebagai bahan Itemset 2...
2026-07-03T01:55:06.572+07:00  INFO 42844 --- [http-nio-8080-exec-9] c.s.b.service.apriori.AprioriService     : === Memulai perhitungan Itemset 1 ===
2026-07-03T01:55:06.572+07:00  INFO 42844 --- [http-nio-8080-exec-9] c.s.b.service.apriori.AprioriService     : Parameter: minSupport=15.0%, minConfidence=50.0%
2026-07-03T01:55:06.572+07:00  INFO 42844 --- [http-nio-8080-exec-9] c.s.b.service.apriori.AprioriService     : Mengambil transaksi dari database untuk rentang tanggal: 2026-06-01 s/d 2026-06-30
2026-07-03T01:55:06.579+07:00  INFO 42844 --- [http-nio-8080-exec-9] c.s.b.service.apriori.AprioriService     : Berhasil mengambil 740 data transaksi dari database.
2026-07-03T01:55:06.602+07:00  INFO 42844 --- [http-nio-8080-exec-9] c.s.b.service.apriori.AprioriService     : Berhasil mengekstrak 50 item unik dari keseluruhan transaksi.
2026-07-03T01:55:06.603+07:00  INFO 42844 --- [http-nio-8080-exec-9] c.s.b.service.apriori.AprioriService     : Selesai memformat kembalian data Itemset 1.
2026-07-03T01:55:06.605+07:00  INFO 42844 --- [http-nio-8080-exec-9] c.s.b.service.apriori.AprioriService     : Ditemukan 50 item dari Itemset 1 yang lolos (>= 15.0%).
2026-07-03T01:55:06.669+07:00  INFO 42844 --- [http-nio-8080-exec-9] c.s.b.service.apriori.AprioriService     : Selesai menghitung kombinasi Itemset 2. Total Kombinasi: 1225. Memformat hasil...
2026-07-03T01:55:06.729+07:00 DEBUG 42844 --- [http-nio-8080-exec-10] o.s.security.web.FilterChainProxy        : Securing POST /apriori/rules
2026-07-03T01:55:06.731+07:00  INFO 42844 --- [http-nio-8080-exec-10] c.s.backend_api.security.JwtAuthFilter   : JwtAuthFilter hit path=/apriori/rules, hasAuthHeader=true, authPrefix=Bearer
2026-07-03T01:55:06.731+07:00 DEBUG 42844 --- [http-nio-8080-exec-10] c.s.backend_api.security.JwtService      : Extracting username dari token
2026-07-03T01:55:06.732+07:00 DEBUG 42844 --- [http-nio-8080-exec-10] c.s.backend_api.security.JwtService      : Extracting JTI dari token
2026-07-03T01:55:06.742+07:00 DEBUG 42844 --- [http-nio-8080-exec-10] c.s.backend_api.security.JwtService      : Extracting username dari token
2026-07-03T01:55:06.743+07:00 DEBUG 42844 --- [http-nio-8080-exec-10] c.s.backend_api.security.JwtService      : Extracting expiration dari token
2026-07-03T01:55:06.746+07:00 DEBUG 42844 --- [http-nio-8080-exec-10] c.s.backend_api.security.JwtService      : Token valid untuk username: admin.risdiani
2026-07-03T01:55:06.748+07:00  INFO 42844 --- [http-nio-8080-exec-10] c.s.backend_api.security.JwtAuthFilter   : JWT authenticated: user=admin.risdiani, authorities=[ROLE_SUPERADMIN]
2026-07-03T01:55:06.749+07:00 DEBUG 42844 --- [http-nio-8080-exec-10] o.s.security.web.FilterChainProxy        : Secured POST /apriori/rules
2026-07-03T01:55:06.751+07:00  INFO 42844 --- [http-nio-8080-exec-10] c.s.b.service.apriori.AprioriService     : === Memulai perhitungan Aturan Asosiasi (Confidence) ===
2026-07-03T01:55:06.755+07:00  INFO 42844 --- [http-nio-8080-exec-10] c.s.b.service.apriori.AprioriService     : Mengambil transaksi dari database untuk rentang tanggal: 2026-06-01 s/d 2026-06-30
2026-07-03T01:55:06.802+07:00  INFO 42844 --- [http-nio-8080-exec-10] c.s.b.service.apriori.AprioriService     : Berhasil mengambil 740 data transaksi dari database.
2026-07-03T01:55:07.250+07:00  INFO 42844 --- [http-nio-8080-exec-10] c.s.b.service.apriori.AprioriService     : Memeriksa Itemset 3...
2026-07-03T01:55:07.253+07:00  INFO 42844 --- [http-nio-8080-exec-10] c.s.b.service.apriori.AprioriService     : === Memulai perhitungan Itemset 3 ===
2026-07-03T01:55:07.255+07:00  INFO 42844 --- [http-nio-8080-exec-10] c.s.b.service.apriori.AprioriService     : Mengambil transaksi dari database untuk rentang tanggal: 2026-06-01 s/d 2026-06-30
2026-07-03T01:55:07.397+07:00  INFO 42844 --- [http-nio-8080-exec-10] c.s.b.service.apriori.AprioriService     : Berhasil mengambil 740 data transaksi dari database.
2026-07-03T01:55:07.424+07:00  INFO 42844 --- [http-nio-8080-exec-10] c.s.b.service.apriori.AprioriService     : Mencari kandidat pasangan Itemset 2 yang lolos sebagai bahan Itemset 3...
2026-07-03T01:55:07.424+07:00  INFO 42844 --- [http-nio-8080-exec-10] c.s.b.service.apriori.AprioriService     : === Memulai perhitungan Itemset 2 ===
2026-07-03T01:55:07.425+07:00  INFO 42844 --- [http-nio-8080-exec-10] c.s.b.service.apriori.AprioriService     : Mengambil transaksi dari database untuk rentang tanggal: 2026-06-01 s/d 2026-06-30
2026-07-03T01:55:07.434+07:00  INFO 42844 --- [http-nio-8080-exec-10] c.s.b.service.apriori.AprioriService     : Berhasil mengambil 740 data transaksi dari database.
2026-07-03T01:55:07.461+07:00  INFO 42844 --- [http-nio-8080-exec-10] c.s.b.service.apriori.AprioriService     : Mencari kandidat Itemset 1 yang lolos sebagai bahan Itemset 2...
2026-07-03T01:55:07.462+07:00  INFO 42844 --- [http-nio-8080-exec-10] c.s.b.service.apriori.AprioriService     : === Memulai perhitungan Itemset 1 ===
2026-07-03T01:55:07.462+07:00  INFO 42844 --- [http-nio-8080-exec-10] c.s.b.service.apriori.AprioriService     : Parameter: minSupport=15.0%, minConfidence=50.0%
2026-07-03T01:55:07.463+07:00  INFO 42844 --- [http-nio-8080-exec-10] c.s.b.service.apriori.AprioriService     : Mengambil transaksi dari database untuk rentang tanggal: 2026-06-01 s/d 2026-06-30
2026-07-03T01:55:07.473+07:00  INFO 42844 --- [http-nio-8080-exec-10] c.s.b.service.apriori.AprioriService     : Berhasil mengambil 740 data transaksi dari database.
2026-07-03T01:55:07.497+07:00  INFO 42844 --- [http-nio-8080-exec-10] c.s.b.service.apriori.AprioriService     : Berhasil mengekstrak 50 item unik dari keseluruhan transaksi.
2026-07-03T01:55:07.499+07:00  INFO 42844 --- [http-nio-8080-exec-10] c.s.b.service.apriori.AprioriService     : Selesai memformat kembalian data Itemset 1.
2026-07-03T01:55:07.499+07:00  INFO 42844 --- [http-nio-8080-exec-10] c.s.b.service.apriori.AprioriService     : Ditemukan 50 item dari Itemset 1 yang lolos (>= 15.0%).
2026-07-03T01:55:07.622+07:00  INFO 42844 --- [http-nio-8080-exec-10] c.s.b.service.apriori.AprioriService     : Selesai menghitung kombinasi Itemset 2. Total Kombinasi: 1225. Memformat hasil...
2026-07-03T01:55:07.631+07:00  INFO 42844 --- [http-nio-8080-exec-10] c.s.b.service.apriori.AprioriService     : Ditemukan 569 pasangan dari Itemset 2 yang lolos.
2026-07-03T01:55:08.641+07:00  INFO 42844 --- [http-nio-8080-exec-10] c.s.b.service.apriori.AprioriService     : Selesai menghitung kombinasi Itemset 3. Total Kombinasi: 14190. Memformat hasil...
2026-07-03T01:55:08.666+07:00  INFO 42844 --- [http-nio-8080-exec-10] c.s.b.service.apriori.AprioriService     : Ditemukan 2838 kombinasi Itemset 3 yang lolos. Membentuk Aturan dari Itemset 3 (A&B -> C).
2026-07-03T01:55:08.666+07:00  INFO 42844 --- [http-nio-8080-exec-10] c.s.b.service.apriori.AprioriService     : === Memulai perhitungan Itemset 2 ===
2026-07-03T01:55:08.667+07:00  INFO 42844 --- [http-nio-8080-exec-10] c.s.b.service.apriori.AprioriService     : Mengambil transaksi dari database untuk rentang tanggal: 2026-06-01 s/d 2026-06-30
2026-07-03T01:55:08.677+07:00  INFO 42844 --- [http-nio-8080-exec-10] c.s.b.service.apriori.AprioriService     : Berhasil mengambil 740 data transaksi dari database.
2026-07-03T01:55:08.700+07:00  INFO 42844 --- [http-nio-8080-exec-10] c.s.b.service.apriori.AprioriService     : Mencari kandidat Itemset 1 yang lolos sebagai bahan Itemset 2...
2026-07-03T01:55:08.702+07:00  INFO 42844 --- [http-nio-8080-exec-10] c.s.b.service.apriori.AprioriService     : === Memulai perhitungan Itemset 1 ===
2026-07-03T01:55:08.705+07:00  INFO 42844 --- [http-nio-8080-exec-10] c.s.b.service.apriori.AprioriService     : Parameter: minSupport=15.0%, minConfidence=50.0%
2026-07-03T01:55:08.708+07:00  INFO 42844 --- [http-nio-8080-exec-10] c.s.b.service.apriori.AprioriService     : Mengambil transaksi dari database untuk rentang tanggal: 2026-06-01 s/d 2026-06-30
2026-07-03T01:55:08.717+07:00  INFO 42844 --- [http-nio-8080-exec-10] c.s.b.service.apriori.AprioriService     : Berhasil mengambil 740 data transaksi dari database.
2026-07-03T01:55:08.747+07:00  INFO 42844 --- [http-nio-8080-exec-10] c.s.b.service.apriori.AprioriService     : Berhasil mengekstrak 50 item unik dari keseluruhan transaksi.
2026-07-03T01:55:08.747+07:00  INFO 42844 --- [http-nio-8080-exec-10] c.s.b.service.apriori.AprioriService     : Selesai memformat kembalian data Itemset 1.
2026-07-03T01:55:08.747+07:00  INFO 42844 --- [http-nio-8080-exec-10] c.s.b.service.apriori.AprioriService     : Ditemukan 50 item dari Itemset 1 yang lolos (>= 15.0%).
2026-07-03T01:55:08.826+07:00  INFO 42844 --- [http-nio-8080-exec-10] c.s.b.service.apriori.AprioriService     : Selesai menghitung kombinasi Itemset 2. Total Kombinasi: 1225. Memformat hasil...
2026-07-03T01:55:08.894+07:00  INFO 42844 --- [http-nio-8080-exec-10] c.s.b.service.apriori.AprioriService     : Berhasil membentuk 8514 Aturan Asosiasi.
2026-07-03T01:59:54.795+07:00 DEBUG 42844 --- [http-nio-8080-exec-2] o.s.security.web.FilterChainProxy        : Securing GET /transactions
2026-07-03T01:59:54.798+07:00  INFO 42844 --- [http-nio-8080-exec-2] c.s.backend_api.security.JwtAuthFilter   : JwtAuthFilter hit path=/transactions, hasAuthHeader=true, authPrefix=Bearer
2026-07-03T01:59:54.799+07:00 DEBUG 42844 --- [http-nio-8080-exec-2] c.s.backend_api.security.JwtService      : Extracting username dari token
2026-07-03T01:59:54.802+07:00 DEBUG 42844 --- [http-nio-8080-exec-2] c.s.backend_api.security.JwtService      : Extracting JTI dari token
2026-07-03T01:59:54.827+07:00 DEBUG 42844 --- [http-nio-8080-exec-2] c.s.backend_api.security.JwtService      : Extracting username dari token
2026-07-03T01:59:54.830+07:00 DEBUG 42844 --- [http-nio-8080-exec-2] c.s.backend_api.security.JwtService      : Extracting expiration dari token
2026-07-03T01:59:54.832+07:00 DEBUG 42844 --- [http-nio-8080-exec-2] c.s.backend_api.security.JwtService      : Token valid untuk username: admin.risdiani
2026-07-03T01:59:54.834+07:00  INFO 42844 --- [http-nio-8080-exec-2] c.s.backend_api.security.JwtAuthFilter   : JWT authenticated: user=admin.risdiani, authorities=[ROLE_SUPERADMIN]
2026-07-03T01:59:54.835+07:00 DEBUG 42844 --- [http-nio-8080-exec-2] o.s.security.web.FilterChainProxy        : Secured GET /transactions
2026-07-03T02:00:01.553+07:00 DEBUG 42844 --- [http-nio-8080-exec-1] o.s.security.web.FilterChainProxy        : Securing POST /apriori/rules
2026-07-03T02:00:01.554+07:00  INFO 42844 --- [http-nio-8080-exec-1] c.s.backend_api.security.JwtAuthFilter   : JwtAuthFilter hit path=/apriori/rules, hasAuthHeader=true, authPrefix=Bearer
2026-07-03T02:00:01.555+07:00 DEBUG 42844 --- [http-nio-8080-exec-1] c.s.backend_api.security.JwtService      : Extracting username dari token
2026-07-03T02:00:01.556+07:00 DEBUG 42844 --- [http-nio-8080-exec-1] c.s.backend_api.security.JwtService      : Extracting JTI dari token
2026-07-03T02:00:01.575+07:00 DEBUG 42844 --- [http-nio-8080-exec-1] c.s.backend_api.security.JwtService      : Extracting username dari token
2026-07-03T02:00:01.578+07:00 DEBUG 42844 --- [http-nio-8080-exec-1] c.s.backend_api.security.JwtService      : Extracting expiration dari token
2026-07-03T02:00:01.585+07:00 DEBUG 42844 --- [http-nio-8080-exec-1] c.s.backend_api.security.JwtService      : Token valid untuk username: admin.risdiani
2026-07-03T02:00:01.586+07:00  INFO 42844 --- [http-nio-8080-exec-1] c.s.backend_api.security.JwtAuthFilter   : JWT authenticated: user=admin.risdiani, authorities=[ROLE_SUPERADMIN]
2026-07-03T02:00:01.588+07:00 DEBUG 42844 --- [http-nio-8080-exec-1] o.s.security.web.FilterChainProxy        : Secured POST /apriori/rules
2026-07-03T02:00:01.600+07:00  INFO 42844 --- [http-nio-8080-exec-1] c.s.b.service.apriori.AprioriService     : === Memulai perhitungan Aturan Asosiasi (Confidence) ===
2026-07-03T02:00:01.601+07:00  INFO 42844 --- [http-nio-8080-exec-1] c.s.b.service.apriori.AprioriService     : Mengambil transaksi dari database untuk rentang tanggal: 2026-01-01 s/d 2026-06-24
2026-07-03T02:00:01.789+07:00  INFO 42844 --- [http-nio-8080-exec-1] c.s.b.service.apriori.AprioriService     : Berhasil mengambil 2997 data transaksi dari database.
2026-07-03T02:00:02.737+07:00  INFO 42844 --- [http-nio-8080-exec-1] c.s.b.service.apriori.AprioriService     : Memeriksa Itemset 3...
2026-07-03T02:00:02.737+07:00  INFO 42844 --- [http-nio-8080-exec-1] c.s.b.service.apriori.AprioriService     : === Memulai perhitungan Itemset 3 ===
2026-07-03T02:00:02.737+07:00  INFO 42844 --- [http-nio-8080-exec-1] c.s.b.service.apriori.AprioriService     : Mengambil transaksi dari database untuk rentang tanggal: 2026-01-01 s/d 2026-06-24
2026-07-03T02:00:02.752+07:00  INFO 42844 --- [http-nio-8080-exec-1] c.s.b.service.apriori.AprioriService     : Berhasil mengambil 2997 data transaksi dari database.
2026-07-03T02:00:02.805+07:00  INFO 42844 --- [http-nio-8080-exec-1] c.s.b.service.apriori.AprioriService     : Mencari kandidat pasangan Itemset 2 yang lolos sebagai bahan Itemset 3...
2026-07-03T02:00:02.806+07:00  INFO 42844 --- [http-nio-8080-exec-1] c.s.b.service.apriori.AprioriService     : === Memulai perhitungan Itemset 2 ===
2026-07-03T02:00:02.807+07:00  INFO 42844 --- [http-nio-8080-exec-1] c.s.b.service.apriori.AprioriService     : Mengambil transaksi dari database untuk rentang tanggal: 2026-01-01 s/d 2026-06-24
2026-07-03T02:00:02.832+07:00  INFO 42844 --- [http-nio-8080-exec-1] c.s.b.service.apriori.AprioriService     : Berhasil mengambil 2997 data transaksi dari database.
2026-07-03T02:00:02.887+07:00  INFO 42844 --- [http-nio-8080-exec-1] c.s.b.service.apriori.AprioriService     : Mencari kandidat Itemset 1 yang lolos sebagai bahan Itemset 2...
2026-07-03T02:00:02.888+07:00  INFO 42844 --- [http-nio-8080-exec-1] c.s.b.service.apriori.AprioriService     : === Memulai perhitungan Itemset 1 ===
2026-07-03T02:00:02.888+07:00  INFO 42844 --- [http-nio-8080-exec-1] c.s.b.service.apriori.AprioriService     : Parameter: minSupport=10.0%, minConfidence=50.0%
2026-07-03T02:00:02.888+07:00  INFO 42844 --- [http-nio-8080-exec-1] c.s.b.service.apriori.AprioriService     : Mengambil transaksi dari database untuk rentang tanggal: 2026-01-01 s/d 2026-06-24
2026-07-03T02:00:02.913+07:00  INFO 42844 --- [http-nio-8080-exec-1] c.s.b.service.apriori.AprioriService     : Berhasil mengambil 2997 data transaksi dari database.
2026-07-03T02:00:03.007+07:00  INFO 42844 --- [http-nio-8080-exec-1] c.s.b.service.apriori.AprioriService     : Berhasil mengekstrak 50 item unik dari keseluruhan transaksi.
2026-07-03T02:00:03.008+07:00  INFO 42844 --- [http-nio-8080-exec-1] c.s.b.service.apriori.AprioriService     : Selesai memformat kembalian data Itemset 1.
2026-07-03T02:00:03.009+07:00  INFO 42844 --- [http-nio-8080-exec-1] c.s.b.service.apriori.AprioriService     : Ditemukan 50 item dari Itemset 1 yang lolos (>= 10.0%).
2026-07-03T02:00:03.272+07:00  INFO 42844 --- [http-nio-8080-exec-1] c.s.b.service.apriori.AprioriService     : Selesai menghitung kombinasi Itemset 2. Total Kombinasi: 1225. Memformat hasil...
2026-07-03T02:00:03.274+07:00  INFO 42844 --- [http-nio-8080-exec-1] c.s.b.service.apriori.AprioriService     : Ditemukan 274 pasangan dari Itemset 2 yang lolos.
2026-07-03T02:00:06.084+07:00  INFO 42844 --- [http-nio-8080-exec-1] c.s.b.service.apriori.AprioriService     : Selesai menghitung kombinasi Itemset 3. Total Kombinasi: 11480. Memformat hasil...
2026-07-03T02:00:06.099+07:00  INFO 42844 --- [http-nio-8080-exec-1] c.s.b.service.apriori.AprioriService     : Ditemukan 280 kombinasi Itemset 3 yang lolos. Membentuk Aturan dari Itemset 3 (A&B -> C).
2026-07-03T02:00:06.099+07:00  INFO 42844 --- [http-nio-8080-exec-1] c.s.b.service.apriori.AprioriService     : === Memulai perhitungan Itemset 2 ===
2026-07-03T02:00:06.099+07:00  INFO 42844 --- [http-nio-8080-exec-1] c.s.b.service.apriori.AprioriService     : Mengambil transaksi dari database untuk rentang tanggal: 2026-01-01 s/d 2026-06-24
2026-07-03T02:00:06.119+07:00  INFO 42844 --- [http-nio-8080-exec-1] c.s.b.service.apriori.AprioriService     : Berhasil mengambil 2997 data transaksi dari database.
2026-07-03T02:00:06.178+07:00  INFO 42844 --- [http-nio-8080-exec-1] c.s.b.service.apriori.AprioriService     : Mencari kandidat Itemset 1 yang lolos sebagai bahan Itemset 2...
2026-07-03T02:00:06.179+07:00  INFO 42844 --- [http-nio-8080-exec-1] c.s.b.service.apriori.AprioriService     : === Memulai perhitungan Itemset 1 ===
2026-07-03T02:00:06.179+07:00  INFO 42844 --- [http-nio-8080-exec-1] c.s.b.service.apriori.AprioriService     : Parameter: minSupport=10.0%, minConfidence=50.0%
2026-07-03T02:00:06.180+07:00  INFO 42844 --- [http-nio-8080-exec-1] c.s.b.service.apriori.AprioriService     : Mengambil transaksi dari database untuk rentang tanggal: 2026-01-01 s/d 2026-06-24
2026-07-03T02:00:06.199+07:00  INFO 42844 --- [http-nio-8080-exec-1] c.s.b.service.apriori.AprioriService     : Berhasil mengambil 2997 data transaksi dari database.
2026-07-03T02:00:06.259+07:00  INFO 42844 --- [http-nio-8080-exec-1] c.s.b.service.apriori.AprioriService     : Berhasil mengekstrak 50 item unik dari keseluruhan transaksi.
2026-07-03T02:00:06.260+07:00  INFO 42844 --- [http-nio-8080-exec-1] c.s.b.service.apriori.AprioriService     : Selesai memformat kembalian data Itemset 1.
2026-07-03T02:00:06.260+07:00  INFO 42844 --- [http-nio-8080-exec-1] c.s.b.service.apriori.AprioriService     : Ditemukan 50 item dari Itemset 1 yang lolos (>= 10.0%).
2026-07-03T02:00:06.544+07:00  INFO 42844 --- [http-nio-8080-exec-1] c.s.b.service.apriori.AprioriService     : Selesai menghitung kombinasi Itemset 2. Total Kombinasi: 1225. Memformat hasil...
2026-07-03T02:00:06.550+07:00  INFO 42844 --- [http-nio-8080-exec-1] c.s.b.service.apriori.AprioriService     : Berhasil membentuk 840 Aturan Asosiasi.
2026-07-03T02:00:34.457+07:00 DEBUG 42844 --- [http-nio-8080-exec-3] o.s.security.web.FilterChainProxy        : Securing OPTIONS /auth/logout
2026-07-03T02:00:34.467+07:00 DEBUG 42844 --- [http-nio-8080-exec-5] o.s.security.web.FilterChainProxy        : Securing POST /auth/logout
2026-07-03T02:00:34.468+07:00  INFO 42844 --- [http-nio-8080-exec-5] c.s.backend_api.security.JwtAuthFilter   : JwtAuthFilter hit path=/auth/logout, hasAuthHeader=true, authPrefix=Bearer
2026-07-03T02:00:34.469+07:00 DEBUG 42844 --- [http-nio-8080-exec-5] c.s.backend_api.security.JwtService      : Extracting username dari token
2026-07-03T02:00:34.472+07:00 DEBUG 42844 --- [http-nio-8080-exec-5] c.s.backend_api.security.JwtService      : Extracting JTI dari token
2026-07-03T02:00:34.487+07:00 DEBUG 42844 --- [http-nio-8080-exec-5] c.s.backend_api.security.JwtService      : Extracting username dari token
2026-07-03T02:00:34.488+07:00 DEBUG 42844 --- [http-nio-8080-exec-5] c.s.backend_api.security.JwtService      : Extracting expiration dari token
2026-07-03T02:00:34.488+07:00 DEBUG 42844 --- [http-nio-8080-exec-5] c.s.backend_api.security.JwtService      : Token valid untuk username: admin.risdiani
2026-07-03T02:00:34.490+07:00  INFO 42844 --- [http-nio-8080-exec-5] c.s.backend_api.security.JwtAuthFilter   : JWT authenticated: user=admin.risdiani, authorities=[ROLE_SUPERADMIN]
2026-07-03T02:00:34.490+07:00 DEBUG 42844 --- [http-nio-8080-exec-5] o.s.security.web.FilterChainProxy        : Secured POST /auth/logout
2026-07-03T02:00:34.497+07:00 DEBUG 42844 --- [http-nio-8080-exec-5] c.s.backend_api.security.JwtService      : Extracting JTI dari token
2026-07-03T02:00:34.498+07:00 DEBUG 42844 --- [http-nio-8080-exec-5] c.s.backend_api.security.JwtService      : Extracting expiration dari token
2026-07-03T02:02:40.473+07:00  INFO 42844 --- [SpringApplicationShutdownHook] j.LocalContainerEntityManagerFactoryBean : Closing JPA EntityManagerFactory for persistence unit 'default'
2026-07-03T02:02:40.511+07:00  INFO 42844 --- [SpringApplicationShutdownHook] com.zaxxer.hikari.HikariDataSource       : ApoticHikariPool - Shutdown initiated...
2026-07-03T02:02:40.519+07:00  INFO 42844 --- [SpringApplicationShutdownHook] com.zaxxer.hikari.HikariDataSource       : ApoticHikariPool - Shutdown completed.
